panel,partition,view,weighting,metal,ec1,count_or_weight,p_ec_given_metal,p_metal_given_ec
pinmymetal,train,native6,site,Mn,1,163.0,0.30185185185185187,0.3319755600814664
pinmymetal,train,native6,site,Mn,2,144.0,0.26666666666666666,0.7309644670050761
pinmymetal,train,native6,site,Mn,3,172.0,0.31851851851851853,0.5
pinmymetal,train,native6,site,Mn,4,7.0,0.012962962962962963,0.15217391304347827
pinmymetal,train,native6,site,Mn,5,48.0,0.08888888888888889,0.6956521739130435
pinmymetal,train,native6,site,Mn,6,6.0,0.011111111111111112,0.4
pinmymetal,train,native6,site,Mn,7,0.0,0.0,0.0
pinmymetal,train,native6,site,Cu,1,56.0,0.875,0.11405295315682282
pinmymetal,train,native6,site,Cu,2,3.0,0.046875,0.015228426395939087
pinmymetal,train,native6,site,Cu,3,4.0,0.0625,0.011627906976744186
pinmymetal,train,native6,site,Cu,4,0.0,0.0,0.0
pinmymetal,train,native6,site,Cu,5,0.0,0.0,0.0
pinmymetal,train,native6,site,Cu,6,0.0,0.0,0.0
pinmymetal,train,native6,site,Cu,7,1.0,0.015625,1.0
pinmymetal,train,native6,site,Zn,1,13.0,0.07471264367816093,0.026476578411405296
pinmymetal,train,native6,site,Zn,2,26.0,0.14942528735632185,0.1319796954314721
pinmymetal,train,native6,site,Zn,3,99.0,0.5689655172413793,0.2877906976744186
pinmymetal,train,native6,site,Zn,4,22.0,0.12643678160919541,0.4782608695652174
pinmymetal,train,native6,site,Zn,5,8.0,0.04597701149425287,0.11594202898550725
pinmymetal,train,native6,site,Zn,6,6.0,0.034482758620689655,0.4
pinmymetal,train,native6,site,Zn,7,0.0,0.0,0.0
pinmymetal,train,native6,site,Fe,1,203.0,0.8185483870967742,0.4134419551934827
pinmymetal,train,native6,site,Fe,2,5.0,0.020161290322580645,0.025380710659898477
pinmymetal,train,native6,site,Fe,3,37.0,0.14919354838709678,0.10755813953488372
pinmymetal,train,native6,site,Fe,4,2.0,0.008064516129032258,0.043478260869565216
pinmymetal,train,native6,site,Fe,5,1.0,0.004032258064516129,0.014492753623188406
pinmymetal,train,native6,site,Fe,6,0.0,0.0,0.0
pinmymetal,train,native6,site,Fe,7,0.0,0.0,0.0
pinmymetal,train,native6,site,Co,1,26.0,0.3561643835616438,0.05295315682281059
pinmymetal,train,native6,site,Co,2,8.0,0.1095890410958904,0.04060913705583756
pinmymetal,train,native6,site,Co,3,16.0,0.2191780821917808,0.046511627906976744
pinmymetal,train,native6,site,Co,4,13.0,0.1780821917808219,0.2826086956521739
pinmymetal,train,native6,site,Co,5,8.0,0.1095890410958904,0.11594202898550725
pinmymetal,train,native6,site,Co,6,2.0,0.0273972602739726,0.13333333333333333
pinmymetal,train,native6,site,Co,7,0.0,0.0,0.0
pinmymetal,train,native6,site,Ni,1,30.0,0.46875,0.06109979633401222
pinmymetal,train,native6,site,Ni,2,11.0,0.171875,0.05583756345177665
pinmymetal,train,native6,site,Ni,3,16.0,0.25,0.046511627906976744
pinmymetal,train,native6,site,Ni,4,2.0,0.03125,0.043478260869565216
pinmymetal,train,native6,site,Ni,5,4.0,0.0625,0.057971014492753624
pinmymetal,train,native6,site,Ni,6,1.0,0.015625,0.06666666666666667
pinmymetal,train,native6,site,Ni,7,0.0,0.0,0.0
pinmymetal,train,native6,protein_group,Mn,1,163.0,0.30754716981132074,0.34029227557411273
pinmymetal,train,native6,protein_group,Mn,2,142.0,0.2679245283018868,0.7357512953367875
pinmymetal,train,native6,protein_group,Mn,3,167.0,0.3150943396226415,0.49702380952380953
pinmymetal,train,native6,protein_group,Mn,4,7.0,0.013207547169811321,0.15217391304347827
pinmymetal,train,native6,protein_group,Mn,5,46.0,0.08679245283018867,0.6865671641791045
pinmymetal,train,native6,protein_group,Mn,6,5.0,0.009433962264150943,0.35714285714285715
pinmymetal,train,native6,protein_group,Mn,7,0.0,0.0,0.0
pinmymetal,train,native6,protein_group,Cu,1,44.0,0.8461538461538461,0.0918580375782881
pinmymetal,train,native6,protein_group,Cu,2,3.0,0.057692307692307696,0.015544041450777202
pinmymetal,train,native6,protein_group,Cu,3,4.0,0.07692307692307693,0.011904761904761904
pinmymetal,train,native6,protein_group,Cu,4,0.0,0.0,0.0
pinmymetal,train,native6,protein_group,Cu,5,0.0,0.0,0.0
pinmymetal,train,native6,protein_group,Cu,6,0.0,0.0,0.0
pinmymetal,train,native6,protein_group,Cu,7,1.0,0.019230769230769232,1.0
pinmymetal,train,native6,protein_group,Zn,1,13.0,0.07692307692307693,0.027139874739039668
pinmymetal,train,native6,protein_group,Zn,2,24.0,0.14201183431952663,0.12435233160621761
pinmymetal,train,native6,protein_group,Zn,3,96.0,0.5680473372781065,0.2857142857142857
pinmymetal,train,native6,protein_group,Zn,4,22.0,0.1301775147928994,0.4782608695652174
pinmymetal,train,native6,protein_group,Zn,5,8.0,0.047337278106508875,0.11940298507462686
pinmymetal,train,native6,protein_group,Zn,6,6.0,0.03550295857988166,0.42857142857142855
pinmymetal,train,native6,protein_group,Zn,7,0.0,0.0,0.0
pinmymetal,train,native6,protein_group,Fe,1,203.0,0.8185483870967742,0.42379958246346555
pinmymetal,train,native6,protein_group,Fe,2,5.0,0.020161290322580645,0.025906735751295335
pinmymetal,train,native6,protein_group,Fe,3,37.0,0.14919354838709678,0.11011904761904762
pinmymetal,train,native6,protein_group,Fe,4,2.0,0.008064516129032258,0.043478260869565216
pinmymetal,train,native6,protein_group,Fe,5,1.0,0.004032258064516129,0.014925373134328358
pinmymetal,train,native6,protein_group,Fe,6,0.0,0.0,0.0
pinmymetal,train,native6,protein_group,Fe,7,0.0,0.0,0.0
pinmymetal,train,native6,protein_group,Co,1,26.0,0.3561643835616438,0.054279749478079335
pinmymetal,train,native6,protein_group,Co,2,8.0,0.1095890410958904,0.04145077720207254
pinmymetal,train,native6,protein_group,Co,3,16.0,0.2191780821917808,0.047619047619047616
pinmymetal,train,native6,protein_group,Co,4,13.0,0.1780821917808219,0.2826086956521739
pinmymetal,train,native6,protein_group,Co,5,8.0,0.1095890410958904,0.11940298507462686
pinmymetal,train,native6,protein_group,Co,6,2.0,0.0273972602739726,0.14285714285714285
pinmymetal,train,native6,protein_group,Co,7,0.0,0.0,0.0
pinmymetal,train,native6,protein_group,Ni,1,30.0,0.46875,0.06263048016701461
pinmymetal,train,native6,protein_group,Ni,2,11.0,0.171875,0.05699481865284974
pinmymetal,train,native6,protein_group,Ni,3,16.0,0.25,0.047619047619047616
pinmymetal,train,native6,protein_group,Ni,4,2.0,0.03125,0.043478260869565216
pinmymetal,train,native6,protein_group,Ni,5,4.0,0.0625,0.05970149253731343
pinmymetal,train,native6,protein_group,Ni,6,1.0,0.015625,0.07142857142857142
pinmymetal,train,native6,protein_group,Ni,7,0.0,0.0,0.0
pinmymetal,train,common4,site,Mn,1,163.0,0.30185185185185187,0.3319755600814664
pinmymetal,train,common4,site,Mn,2,144.0,0.26666666666666666,0.7309644670050761
pinmymetal,train,common4,site,Mn,3,172.0,0.31851851851851853,0.5
pinmymetal,train,common4,site,Mn,4,7.0,0.012962962962962963,0.15217391304347827
pinmymetal,train,common4,site,Mn,5,48.0,0.08888888888888889,0.6956521739130435
pinmymetal,train,common4,site,Mn,6,6.0,0.011111111111111112,0.4
pinmymetal,train,common4,site,Mn,7,0.0,0.0,0.0
pinmymetal,train,common4,site,Cu,1,56.0,0.875,0.11405295315682282
pinmymetal,train,common4,site,Cu,2,3.0,0.046875,0.015228426395939087
pinmymetal,train,common4,site,Cu,3,4.0,0.0625,0.011627906976744186
pinmymetal,train,common4,site,Cu,4,0.0,0.0,0.0
pinmymetal,train,common4,site,Cu,5,0.0,0.0,0.0
pinmymetal,train,common4,site,Cu,6,0.0,0.0,0.0
pinmymetal,train,common4,site,Cu,7,1.0,0.015625,1.0
pinmymetal,train,common4,site,Zn,1,13.0,0.07471264367816093,0.026476578411405296
pinmymetal,train,common4,site,Zn,2,26.0,0.14942528735632185,0.1319796954314721
pinmymetal,train,common4,site,Zn,3,99.0,0.5689655172413793,0.2877906976744186
pinmymetal,train,common4,site,Zn,4,22.0,0.12643678160919541,0.4782608695652174
pinmymetal,train,common4,site,Zn,5,8.0,0.04597701149425287,0.11594202898550725
pinmymetal,train,common4,site,Zn,6,6.0,0.034482758620689655,0.4
pinmymetal,train,common4,site,Zn,7,0.0,0.0,0.0
pinmymetal,train,common4,site,VIII,1,259.0,0.6727272727272727,0.5274949083503055
pinmymetal,train,common4,site,VIII,2,24.0,0.06233766233766234,0.1218274111675127
pinmymetal,train,common4,site,VIII,3,69.0,0.17922077922077922,0.2005813953488372
pinmymetal,train,common4,site,VIII,4,17.0,0.04415584415584416,0.3695652173913043
pinmymetal,train,common4,site,VIII,5,13.0,0.033766233766233764,0.18840579710144928
pinmymetal,train,common4,site,VIII,6,3.0,0.007792207792207792,0.2
pinmymetal,train,common4,site,VIII,7,0.0,0.0,0.0
pinmymetal,train,common4,protein_group,Mn,1,163.0,0.30754716981132074,0.34029227557411273
pinmymetal,train,common4,protein_group,Mn,2,142.0,0.2679245283018868,0.7357512953367875
pinmymetal,train,common4,protein_group,Mn,3,167.0,0.3150943396226415,0.49702380952380953
pinmymetal,train,common4,protein_group,Mn,4,7.0,0.013207547169811321,0.15217391304347827
pinmymetal,train,common4,protein_group,Mn,5,46.0,0.08679245283018867,0.6865671641791045
pinmymetal,train,common4,protein_group,Mn,6,5.0,0.009433962264150943,0.35714285714285715
pinmymetal,train,common4,protein_group,Mn,7,0.0,0.0,0.0
pinmymetal,train,common4,protein_group,Cu,1,44.0,0.8461538461538461,0.0918580375782881
pinmymetal,train,common4,protein_group,Cu,2,3.0,0.057692307692307696,0.015544041450777202
pinmymetal,train,common4,protein_group,Cu,3,4.0,0.07692307692307693,0.011904761904761904
pinmymetal,train,common4,protein_group,Cu,4,0.0,0.0,0.0
pinmymetal,train,common4,protein_group,Cu,5,0.0,0.0,0.0
pinmymetal,train,common4,protein_group,Cu,6,0.0,0.0,0.0
pinmymetal,train,common4,protein_group,Cu,7,1.0,0.019230769230769232,1.0
pinmymetal,train,common4,protein_group,Zn,1,13.0,0.07692307692307693,0.027139874739039668
pinmymetal,train,common4,protein_group,Zn,2,24.0,0.14201183431952663,0.12435233160621761
pinmymetal,train,common4,protein_group,Zn,3,96.0,0.5680473372781065,0.2857142857142857
pinmymetal,train,common4,protein_group,Zn,4,22.0,0.1301775147928994,0.4782608695652174
pinmymetal,train,common4,protein_group,Zn,5,8.0,0.047337278106508875,0.11940298507462686
pinmymetal,train,common4,protein_group,Zn,6,6.0,0.03550295857988166,0.42857142857142855
pinmymetal,train,common4,protein_group,Zn,7,0.0,0.0,0.0
pinmymetal,train,common4,protein_group,VIII,1,259.0,0.6727272727272727,0.5407098121085595
pinmymetal,train,common4,protein_group,VIII,2,24.0,0.06233766233766234,0.12435233160621761
pinmymetal,train,common4,protein_group,VIII,3,69.0,0.17922077922077922,0.20535714285714285
pinmymetal,train,common4,protein_group,VIII,4,17.0,0.04415584415584416,0.3695652173913043
pinmymetal,train,common4,protein_group,VIII,5,13.0,0.033766233766233764,0.19402985074626866
pinmymetal,train,common4,protein_group,VIII,6,3.0,0.007792207792207792,0.21428571428571427
pinmymetal,train,common4,protein_group,VIII,7,0.0,0.0,0.0
pinmymetal,train,common4_native6_eligible,site,Mn,1,163.0,0.30185185185185187,0.3319755600814664
pinmymetal,train,common4_native6_eligible,site,Mn,2,144.0,0.26666666666666666,0.7309644670050761
pinmymetal,train,common4_native6_eligible,site,Mn,3,172.0,0.31851851851851853,0.5
pinmymetal,train,common4_native6_eligible,site,Mn,4,7.0,0.012962962962962963,0.15217391304347827
pinmymetal,train,common4_native6_eligible,site,Mn,5,48.0,0.08888888888888889,0.6956521739130435
pinmymetal,train,common4_native6_eligible,site,Mn,6,6.0,0.011111111111111112,0.4
pinmymetal,train,common4_native6_eligible,site,Mn,7,0.0,0.0,0.0
pinmymetal,train,common4_native6_eligible,site,Cu,1,56.0,0.875,0.11405295315682282
pinmymetal,train,common4_native6_eligible,site,Cu,2,3.0,0.046875,0.015228426395939087
pinmymetal,train,common4_native6_eligible,site,Cu,3,4.0,0.0625,0.011627906976744186
pinmymetal,train,common4_native6_eligible,site,Cu,4,0.0,0.0,0.0
pinmymetal,train,common4_native6_eligible,site,Cu,5,0.0,0.0,0.0
pinmymetal,train,common4_native6_eligible,site,Cu,6,0.0,0.0,0.0
pinmymetal,train,common4_native6_eligible,site,Cu,7,1.0,0.015625,1.0
pinmymetal,train,common4_native6_eligible,site,Zn,1,13.0,0.07471264367816093,0.026476578411405296
pinmymetal,train,common4_native6_eligible,site,Zn,2,26.0,0.14942528735632185,0.1319796954314721
pinmymetal,train,common4_native6_eligible,site,Zn,3,99.0,0.5689655172413793,0.2877906976744186
pinmymetal,train,common4_native6_eligible,site,Zn,4,22.0,0.12643678160919541,0.4782608695652174
pinmymetal,train,common4_native6_eligible,site,Zn,5,8.0,0.04597701149425287,0.11594202898550725
pinmymetal,train,common4_native6_eligible,site,Zn,6,6.0,0.034482758620689655,0.4
pinmymetal,train,common4_native6_eligible,site,Zn,7,0.0,0.0,0.0
pinmymetal,train,common4_native6_eligible,site,VIII,1,259.0,0.6727272727272727,0.5274949083503055
pinmymetal,train,common4_native6_eligible,site,VIII,2,24.0,0.06233766233766234,0.1218274111675127
pinmymetal,train,common4_native6_eligible,site,VIII,3,69.0,0.17922077922077922,0.2005813953488372
pinmymetal,train,common4_native6_eligible,site,VIII,4,17.0,0.04415584415584416,0.3695652173913043
pinmymetal,train,common4_native6_eligible,site,VIII,5,13.0,0.033766233766233764,0.18840579710144928
pinmymetal,train,common4_native6_eligible,site,VIII,6,3.0,0.007792207792207792,0.2
pinmymetal,train,common4_native6_eligible,site,VIII,7,0.0,0.0,0.0
pinmymetal,train,common4_native6_eligible,protein_group,Mn,1,163.0,0.30754716981132074,0.34029227557411273
pinmymetal,train,common4_native6_eligible,protein_group,Mn,2,142.0,0.2679245283018868,0.7357512953367875
pinmymetal,train,common4_native6_eligible,protein_group,Mn,3,167.0,0.3150943396226415,0.49702380952380953
pinmymetal,train,common4_native6_eligible,protein_group,Mn,4,7.0,0.013207547169811321,0.15217391304347827
pinmymetal,train,common4_native6_eligible,protein_group,Mn,5,46.0,0.08679245283018867,0.6865671641791045
pinmymetal,train,common4_native6_eligible,protein_group,Mn,6,5.0,0.009433962264150943,0.35714285714285715
pinmymetal,train,common4_native6_eligible,protein_group,Mn,7,0.0,0.0,0.0
pinmymetal,train,common4_native6_eligible,protein_group,Cu,1,44.0,0.8461538461538461,0.0918580375782881
pinmymetal,train,common4_native6_eligible,protein_group,Cu,2,3.0,0.057692307692307696,0.015544041450777202
pinmymetal,train,common4_native6_eligible,protein_group,Cu,3,4.0,0.07692307692307693,0.011904761904761904
pinmymetal,train,common4_native6_eligible,protein_group,Cu,4,0.0,0.0,0.0
pinmymetal,train,common4_native6_eligible,protein_group,Cu,5,0.0,0.0,0.0
pinmymetal,train,common4_native6_eligible,protein_group,Cu,6,0.0,0.0,0.0
pinmymetal,train,common4_native6_eligible,protein_group,Cu,7,1.0,0.019230769230769232,1.0
pinmymetal,train,common4_native6_eligible,protein_group,Zn,1,13.0,0.07692307692307693,0.027139874739039668
pinmymetal,train,common4_native6_eligible,protein_group,Zn,2,24.0,0.14201183431952663,0.12435233160621761
pinmymetal,train,common4_native6_eligible,protein_group,Zn,3,96.0,0.5680473372781065,0.2857142857142857
pinmymetal,train,common4_native6_eligible,protein_group,Zn,4,22.0,0.1301775147928994,0.4782608695652174
pinmymetal,train,common4_native6_eligible,protein_group,Zn,5,8.0,0.047337278106508875,0.11940298507462686
pinmymetal,train,common4_native6_eligible,protein_group,Zn,6,6.0,0.03550295857988166,0.42857142857142855
pinmymetal,train,common4_native6_eligible,protein_group,Zn,7,0.0,0.0,0.0
pinmymetal,train,common4_native6_eligible,protein_group,VIII,1,259.0,0.6727272727272727,0.5407098121085595
pinmymetal,train,common4_native6_eligible,protein_group,VIII,2,24.0,0.06233766233766234,0.12435233160621761
pinmymetal,train,common4_native6_eligible,protein_group,VIII,3,69.0,0.17922077922077922,0.20535714285714285
pinmymetal,train,common4_native6_eligible,protein_group,VIII,4,17.0,0.04415584415584416,0.3695652173913043
pinmymetal,train,common4_native6_eligible,protein_group,VIII,5,13.0,0.033766233766233764,0.19402985074626866
pinmymetal,train,common4_native6_eligible,protein_group,VIII,6,3.0,0.007792207792207792,0.21428571428571427
pinmymetal,train,common4_native6_eligible,protein_group,VIII,7,0.0,0.0,0.0
care,train,native6,site,Mn,1,13.0,0.0377906976744186,0.06280193236714976
care,train,native6,site,Mn,2,86.0,0.25,0.671875
care,train,native6,site,Mn,3,195.0,0.5668604651162791,0.39473684210526316
care,train,native6,site,Mn,4,17.0,0.04941860465116279,0.20481927710843373
care,train,native6,site,Mn,5,17.0,0.04941860465116279,0.5151515151515151
care,train,native6,site,Mn,6,16.0,0.046511627906976744,0.5
care,train,native6,site,Mn,7,0.0,0.0,0.0
care,train,native6,site,Cu,1,29.0,0.8529411764705882,0.14009661835748793
care,train,native6,site,Cu,2,0.0,0.0,0.0
care,train,native6,site,Cu,3,0.0,0.0,0.0
care,train,native6,site,Cu,4,0.0,0.0,0.0
care,train,native6,site,Cu,5,0.0,0.0,0.0
care,train,native6,site,Cu,6,0.0,0.0,0.0
care,train,native6,site,Cu,7,5.0,0.14705882352941177,1.0
care,train,native6,site,Zn,1,38.0,0.09134615384615384,0.18357487922705315
care,train,native6,site,Zn,2,33.0,0.07932692307692307,0.2578125
care,train,native6,site,Zn,3,264.0,0.6346153846153846,0.5344129554655871
care,train,native6,site,Zn,4,58.0,0.13942307692307693,0.6987951807228916
care,train,native6,site,Zn,5,9.0,0.021634615384615384,0.2727272727272727
care,train,native6,site,Zn,6,14.0,0.03365384615384615,0.4375
care,train,native6,site,Zn,7,0.0,0.0,0.0
care,train,native6,site,Fe,1,124.0,0.7898089171974523,0.5990338164251208
care,train,native6,site,Fe,2,5.0,0.03184713375796178,0.0390625
care,train,native6,site,Fe,3,20.0,0.12738853503184713,0.04048582995951417
care,train,native6,site,Fe,4,3.0,0.01910828025477707,0.03614457831325301
care,train,native6,site,Fe,5,4.0,0.025477707006369428,0.12121212121212122
care,train,native6,site,Fe,6,1.0,0.006369426751592357,0.03125
care,train,native6,site,Fe,7,0.0,0.0,0.0
care,train,native6,site,Co,1,0.0,0.0,0.0
care,train,native6,site,Co,2,0.0,0.0,0.0
care,train,native6,site,Co,3,12.0,0.631578947368421,0.024291497975708502
care,train,native6,site,Co,4,4.0,0.21052631578947367,0.04819277108433735
care,train,native6,site,Co,5,2.0,0.10526315789473684,0.06060606060606061
care,train,native6,site,Co,6,1.0,0.05263157894736842,0.03125
care,train,native6,site,Co,7,0.0,0.0,0.0
care,train,native6,site,Ni,1,3.0,0.25,0.014492753623188406
care,train,native6,site,Ni,2,4.0,0.3333333333333333,0.03125
care,train,native6,site,Ni,3,3.0,0.25,0.006072874493927126
care,train,native6,site,Ni,4,1.0,0.08333333333333333,0.012048192771084338
care,train,native6,site,Ni,5,1.0,0.08333333333333333,0.030303030303030304
care,train,native6,site,Ni,6,0.0,0.0,0.0
care,train,native6,site,Ni,7,0.0,0.0,0.0
care,train,native6,protein_group,Mn,1,11.333333333333332,0.046864231564438315,0.0682730923694779
care,train,native6,protein_group,Mn,2,71.0,0.2935906271536871,0.6761904761904762
care,train,native6,protein_group,Mn,3,122.5,0.5065472088215025,0.346045197740113
care,train,native6,protein_group,Mn,4,14.0,0.05789110957960028,0.23333333333333334
care,train,native6,protein_group,Mn,5,12.0,0.049620951068228815,0.48
care,train,native6,protein_group,Mn,6,11.0,0.04548587181254308,0.4074074074074074
care,train,native6,protein_group,Mn,7,0.0,0.0,0.0
care,train,native6,protein_group,Cu,1,15.666666666666666,0.7580645161290324,0.09437751004016064
care,train,native6,protein_group,Cu,2,0.0,0.0,0.0
care,train,native6,protein_group,Cu,3,0.0,0.0,0.0
care,train,native6,protein_group,Cu,4,0.0,0.0,0.0
care,train,native6,protein_group,Cu,5,0.0,0.0,0.0
care,train,native6,protein_group,Cu,6,0.0,0.0,0.0
care,train,native6,protein_group,Cu,7,5.0,0.24193548387096778,1.0
care,train,native6,protein_group,Zn,1,24.0,0.0768,0.14457831325301204
care,train,native6,protein_group,Zn,2,27.5,0.088,0.2619047619047619
care,train,native6,protein_group,Zn,3,200.0,0.64,0.5649717514124294
care,train,native6,protein_group,Zn,4,40.0,0.128,0.6666666666666666
care,train,native6,protein_group,Zn,5,7.0,0.0224,0.28
care,train,native6,protein_group,Zn,6,14.0,0.0448,0.5185185185185185
care,train,native6,protein_group,Zn,7,0.0,0.0,0.0
care,train,native6,protein_group,Fe,1,112.0,0.7868852459016393,0.6746987951807228
care,train,native6,protein_group,Fe,2,4.5,0.03161592505854801,0.04285714285714286
care,train,native6,protein_group,Fe,3,18.833333333333336,0.1323185011709602,0.05320150659133711
care,train,native6,protein_group,Fe,4,3.0,0.02107728337236534,0.05
care,train,native6,protein_group,Fe,5,3.0,0.02107728337236534,0.12
care,train,native6,protein_group,Fe,6,1.0,0.007025761124121779,0.037037037037037035
care,train,native6,protein_group,Fe,7,0.0,0.0,0.0
care,train,native6,protein_group,Co,1,0.0,0.0,0.0
care,train,native6,protein_group,Co,2,0.0,0.0,0.0
care,train,native6,protein_group,Co,3,9.666666666666666,0.6590909090909091,0.027306967984934084
care,train,native6,protein_group,Co,4,2.0,0.13636363636363638,0.03333333333333333
care,train,native6,protein_group,Co,5,2.0,0.13636363636363638,0.08
care,train,native6,protein_group,Co,6,1.0,0.06818181818181819,0.037037037037037035
care,train,native6,protein_group,Co,7,0.0,0.0,0.0
care,train,native6,protein_group,Ni,1,3.0,0.3,0.018072289156626505
care,train,native6,protein_group,Ni,2,2.0,0.2,0.01904761904761905
care,train,native6,protein_group,Ni,3,3.0,0.3,0.00847457627118644
care,train,native6,protein_group,Ni,4,1.0,0.1,0.016666666666666666
care,train,native6,protein_group,Ni,5,1.0,0.1,0.04
care,train,native6,protein_group,Ni,6,0.0,0.0,0.0
care,train,native6,protein_group,Ni,7,0.0,0.0,0.0
care,train,common4,site,Mn,1,13.0,0.0377906976744186,0.0625
care,train,common4,site,Mn,2,86.0,0.25,0.671875
care,train,common4,site,Mn,3,195.0,0.5668604651162791,0.39473684210526316
care,train,common4,site,Mn,4,17.0,0.04941860465116279,0.20481927710843373
care,train,common4,site,Mn,5,17.0,0.04941860465116279,0.5151515151515151
care,train,common4,site,Mn,6,16.0,0.046511627906976744,0.5
care,train,common4,site,Mn,7,0.0,0.0,0.0
care,train,common4,site,Cu,1,29.0,0.8529411764705882,0.13942307692307693
care,train,common4,site,Cu,2,0.0,0.0,0.0
care,train,common4,site,Cu,3,0.0,0.0,0.0
care,train,common4,site,Cu,4,0.0,0.0,0.0
care,train,common4,site,Cu,5,0.0,0.0,0.0
care,train,common4,site,Cu,6,0.0,0.0,0.0
care,train,common4,site,Cu,7,5.0,0.14705882352941177,1.0
care,train,common4,site,Zn,1,38.0,0.09134615384615384,0.18269230769230768
care,train,common4,site,Zn,2,33.0,0.07932692307692307,0.2578125
care,train,common4,site,Zn,3,264.0,0.6346153846153846,0.5344129554655871
care,train,common4,site,Zn,4,58.0,0.13942307692307693,0.6987951807228916
care,train,common4,site,Zn,5,9.0,0.021634615384615384,0.2727272727272727
care,train,common4,site,Zn,6,14.0,0.03365384615384615,0.4375
care,train,common4,site,Zn,7,0.0,0.0,0.0
care,train,common4,site,VIII,1,128.0,0.6772486772486772,0.6153846153846154
care,train,common4,site,VIII,2,9.0,0.047619047619047616,0.0703125
care,train,common4,site,VIII,3,35.0,0.18518518518518517,0.0708502024291498
care,train,common4,site,VIII,4,8.0,0.042328042328042326,0.0963855421686747
care,train,common4,site,VIII,5,7.0,0.037037037037037035,0.21212121212121213
care,train,common4,site,VIII,6,2.0,0.010582010582010581,0.0625
care,train,common4,site,VIII,7,0.0,0.0,0.0
care,train,common4,protein_group,Mn,1,11.333333333333332,0.046864231564438315,0.06786427145708582
care,train,common4,protein_group,Mn,2,71.0,0.2935906271536871,0.6761904761904762
care,train,common4,protein_group,Mn,3,122.5,0.5065472088215025,0.346045197740113
care,train,common4,protein_group,Mn,4,14.0,0.05789110957960028,0.23333333333333334
care,train,common4,protein_group,Mn,5,12.0,0.049620951068228815,0.48
care,train,common4,protein_group,Mn,6,11.0,0.04548587181254308,0.4074074074074074
care,train,common4,protein_group,Mn,7,0.0,0.0,0.0
care,train,common4,protein_group,Cu,1,15.666666666666666,0.7580645161290324,0.09381237524950099
care,train,common4,protein_group,Cu,2,0.0,0.0,0.0
care,train,common4,protein_group,Cu,3,0.0,0.0,0.0
care,train,common4,protein_group,Cu,4,0.0,0.0,0.0
care,train,common4,protein_group,Cu,5,0.0,0.0,0.0
care,train,common4,protein_group,Cu,6,0.0,0.0,0.0
care,train,common4,protein_group,Cu,7,5.0,0.24193548387096778,1.0
care,train,common4,protein_group,Zn,1,24.0,0.0768,0.1437125748502994
care,train,common4,protein_group,Zn,2,27.5,0.088,0.2619047619047619
care,train,common4,protein_group,Zn,3,200.0,0.64,0.5649717514124294
care,train,common4,protein_group,Zn,4,40.0,0.128,0.6666666666666666
care,train,common4,protein_group,Zn,5,7.0,0.0224,0.28
care,train,common4,protein_group,Zn,6,14.0,0.0448,0.5185185185185185
care,train,common4,protein_group,Zn,7,0.0,0.0,0.0
care,train,common4,protein_group,VIII,1,116.0,0.6904761904761905,0.6946107784431138
care,train,common4,protein_group,VIII,2,6.5,0.03869047619047619,0.06190476190476191
care,train,common4,protein_group,VIII,3,31.5,0.1875,0.08898305084745763
care,train,common4,protein_group,VIII,4,6.0,0.03571428571428571,0.1
care,train,common4,protein_group,VIII,5,6.0,0.03571428571428571,0.24
care,train,common4,protein_group,VIII,6,2.0,0.011904761904761904,0.07407407407407407
care,train,common4,protein_group,VIII,7,0.0,0.0,0.0
care,train,common4_native6_eligible,site,Mn,1,13.0,0.0377906976744186,0.06280193236714976
care,train,common4_native6_eligible,site,Mn,2,86.0,0.25,0.671875
care,train,common4_native6_eligible,site,Mn,3,195.0,0.5668604651162791,0.39473684210526316
care,train,common4_native6_eligible,site,Mn,4,17.0,0.04941860465116279,0.20481927710843373
care,train,common4_native6_eligible,site,Mn,5,17.0,0.04941860465116279,0.5151515151515151
care,train,common4_native6_eligible,site,Mn,6,16.0,0.046511627906976744,0.5
care,train,common4_native6_eligible,site,Mn,7,0.0,0.0,0.0
care,train,common4_native6_eligible,site,Cu,1,29.0,0.8529411764705882,0.14009661835748793
care,train,common4_native6_eligible,site,Cu,2,0.0,0.0,0.0
care,train,common4_native6_eligible,site,Cu,3,0.0,0.0,0.0
care,train,common4_native6_eligible,site,Cu,4,0.0,0.0,0.0
care,train,common4_native6_eligible,site,Cu,5,0.0,0.0,0.0
care,train,common4_native6_eligible,site,Cu,6,0.0,0.0,0.0
care,train,common4_native6_eligible,site,Cu,7,5.0,0.14705882352941177,1.0
care,train,common4_native6_eligible,site,Zn,1,38.0,0.09134615384615384,0.18357487922705315
care,train,common4_native6_eligible,site,Zn,2,33.0,0.07932692307692307,0.2578125
care,train,common4_native6_eligible,site,Zn,3,264.0,0.6346153846153846,0.5344129554655871
care,train,common4_native6_eligible,site,Zn,4,58.0,0.13942307692307693,0.6987951807228916
care,train,common4_native6_eligible,site,Zn,5,9.0,0.021634615384615384,0.2727272727272727
care,train,common4_native6_eligible,site,Zn,6,14.0,0.03365384615384615,0.4375
care,train,common4_native6_eligible,site,Zn,7,0.0,0.0,0.0
care,train,common4_native6_eligible,site,VIII,1,127.0,0.675531914893617,0.6135265700483091
care,train,common4_native6_eligible,site,VIII,2,9.0,0.047872340425531915,0.0703125
care,train,common4_native6_eligible,site,VIII,3,35.0,0.18617021276595744,0.0708502024291498
care,train,common4_native6_eligible,site,VIII,4,8.0,0.0425531914893617,0.0963855421686747
care,train,common4_native6_eligible,site,VIII,5,7.0,0.03723404255319149,0.21212121212121213
care,train,common4_native6_eligible,site,VIII,6,2.0,0.010638297872340425,0.0625
care,train,common4_native6_eligible,site,VIII,7,0.0,0.0,0.0
care,train,common4_native6_eligible,protein_group,Mn,1,11.333333333333332,0.046864231564438315,0.0682730923694779
care,train,common4_native6_eligible,protein_group,Mn,2,71.0,0.2935906271536871,0.6761904761904762
care,train,common4_native6_eligible,protein_group,Mn,3,122.5,0.5065472088215025,0.346045197740113
care,train,common4_native6_eligible,protein_group,Mn,4,14.0,0.05789110957960028,0.23333333333333334
care,train,common4_native6_eligible,protein_group,Mn,5,12.0,0.049620951068228815,0.48
care,train,common4_native6_eligible,protein_group,Mn,6,11.0,0.04548587181254308,0.4074074074074074
care,train,common4_native6_eligible,protein_group,Mn,7,0.0,0.0,0.0
care,train,common4_native6_eligible,protein_group,Cu,1,15.666666666666666,0.7580645161290324,0.09437751004016064
care,train,common4_native6_eligible,protein_group,Cu,2,0.0,0.0,0.0
care,train,common4_native6_eligible,protein_group,Cu,3,0.0,0.0,0.0
care,train,common4_native6_eligible,protein_group,Cu,4,0.0,0.0,0.0
care,train,common4_native6_eligible,protein_group,Cu,5,0.0,0.0,0.0
care,train,common4_native6_eligible,protein_group,Cu,6,0.0,0.0,0.0
care,train,common4_native6_eligible,protein_group,Cu,7,5.0,0.24193548387096778,1.0
care,train,common4_native6_eligible,protein_group,Zn,1,24.0,0.0768,0.14457831325301204
care,train,common4_native6_eligible,protein_group,Zn,2,27.5,0.088,0.2619047619047619
care,train,common4_native6_eligible,protein_group,Zn,3,200.0,0.64,0.5649717514124294
care,train,common4_native6_eligible,protein_group,Zn,4,40.0,0.128,0.6666666666666666
care,train,common4_native6_eligible,protein_group,Zn,5,7.0,0.0224,0.28
care,train,common4_native6_eligible,protein_group,Zn,6,14.0,0.0448,0.5185185185185185
care,train,common4_native6_eligible,protein_group,Zn,7,0.0,0.0,0.0
care,train,common4_native6_eligible,protein_group,VIII,1,115.0,0.688622754491018,0.6927710843373494
care,train,common4_native6_eligible,protein_group,VIII,2,6.5,0.038922155688622756,0.06190476190476191
care,train,common4_native6_eligible,protein_group,VIII,3,31.5,0.18862275449101795,0.08898305084745763
care,train,common4_native6_eligible,protein_group,VIII,4,6.0,0.03592814371257485,0.1
care,train,common4_native6_eligible,protein_group,VIII,5,6.0,0.03592814371257485,0.24
care,train,common4_native6_eligible,protein_group,VIII,6,2.0,0.011976047904191617,0.07407407407407407
care,train,common4_native6_eligible,protein_group,VIII,7,0.0,0.0,0.0
