epoch,lr,train_loss,val_loss,ec_loss_scale,joint_loss_weighting,metal_loss_scale,train_ec_acc,train_joint_balanced_acc,train_joint_macro_f1,train_metal_acc,train_metal_balanced_acc,train_metal_class_viii_recall,train_metal_collapsed4_acc,train_metal_collapsed4_balanced_acc,train_metal_collapsed4_class_viii_recall,train_metal_collapsed4_confusion_matrix,train_metal_collapsed4_cu_recall,train_metal_collapsed4_macro_f1,train_metal_collapsed4_min_recall,train_metal_collapsed4_mn_recall,train_metal_collapsed4_per_class_recall,train_metal_collapsed4_per_class_support,train_metal_collapsed4_zn_recall,train_metal_confusion_matrix,train_metal_fe_recall,train_metal_macro_f1,train_metal_min_recall,train_metal_mn_recall,train_metal_per_class_recall,train_metal_per_class_support,val_ec_acc,val_joint_balanced_acc,val_joint_macro_f1,val_metal_acc,val_metal_balanced_acc,val_metal_class_viii_recall,val_metal_collapsed4_acc,val_metal_collapsed4_balanced_acc,val_metal_collapsed4_class_viii_recall,val_metal_collapsed4_confusion_matrix,val_metal_collapsed4_cu_recall,val_metal_collapsed4_macro_f1,val_metal_collapsed4_min_recall,val_metal_collapsed4_mn_recall,val_metal_collapsed4_per_class_recall,val_metal_collapsed4_per_class_support,val_metal_collapsed4_zn_recall,val_metal_confusion_matrix,val_metal_fe_recall,val_metal_macro_f1,val_metal_min_recall,val_metal_mn_recall,val_metal_per_class_recall,val_metal_per_class_support
1,0.0001,1.2799483976654105,1.1394033363232245,1.0,fixed,1.0,,0.5396953590873736,0.5439800446330293,0.6511430740356445,0.5396953590873736,0.7142857142857143,0.6511430740356445,0.5396953590873736,0.7142857142857143,"[[448, 0, 0, 103], [9, 43, 1, 17], [129, 1, 3, 42], [109, 0, 1, 275]]",0.6142857142857143,0.5439800446330293,0.017142857142857144,0.8130671506352087,"{'Mn': 0.8130671506352087, 'Cu': 0.6142857142857143, 'Zn': 0.017142857142857144, 'Class VIII': 0.7142857142857143}","{'Mn': 551, 'Cu': 70, 'Zn': 175, 'Class VIII': 385}",0.017142857142857144,"[[448, 0, 0, 103], [9, 43, 1, 17], [129, 1, 3, 42], [109, 0, 1, 275]]",,0.5439800446330293,0.017142857142857144,0.8130671506352087,"{'Mn': 0.8130671506352087, 'Cu': 0.6142857142857143, 'Zn': 0.017142857142857144, 'Class VIII': 0.7142857142857143}","{'Mn': 551, 'Cu': 70, 'Zn': 175, 'Class VIII': 385}",,0.5059976374570447,0.5106831537273422,0.6394230723381042,0.5059976374570447,0.59375,0.6394230723381042,0.5059976374570447,0.59375,"[[87, 0, 0, 10], [4, 8, 0, 3], [23, 0, 0, 9], [26, 0, 0, 38]]",0.5333333333333333,0.5106831537273422,0.0,0.8969072164948454,"{'Mn': 0.8969072164948454, 'Cu': 0.5333333333333333, 'Zn': 0.0, 'Class VIII': 0.59375}","{'Mn': 97, 'Cu': 15, 'Zn': 32, 'Class VIII': 64}",0.0,"[[87, 0, 0, 10], [4, 8, 0, 3], [23, 0, 0, 9], [26, 0, 0, 38]]",,0.5106831537273422,0.0,0.8969072164948454,"{'Mn': 0.8969072164948454, 'Cu': 0.5333333333333333, 'Zn': 0.0, 'Class VIII': 0.59375}","{'Mn': 97, 'Cu': 15, 'Zn': 32, 'Class VIII': 64}"
2,0.0001,0.9332865655824945,0.9768580267062554,1.0,fixed,1.0,,0.7175624013010583,0.7361878169835433,0.7375105619430542,0.7175624013010583,0.7818181818181819,0.7375105619430542,0.7175624013010583,0.7818181818181819,"[[436, 0, 21, 94], [1, 62, 6, 1], [69, 0, 72, 34], [63, 0, 21, 301]]",0.8857142857142857,0.7361878169835433,0.4114285714285714,0.7912885662431942,"{'Mn': 0.7912885662431942, 'Cu': 0.8857142857142857, 'Zn': 0.4114285714285714, 'Class VIII': 0.7818181818181819}","{'Mn': 551, 'Cu': 70, 'Zn': 175, 'Class VIII': 385}",0.4114285714285714,"[[436, 0, 21, 94], [1, 62, 6, 1], [69, 0, 72, 34], [63, 0, 21, 301]]",,0.7361878169835433,0.4114285714285714,0.7912885662431942,"{'Mn': 0.7912885662431942, 'Cu': 0.8857142857142857, 'Zn': 0.4114285714285714, 'Class VIII': 0.7818181818181819}","{'Mn': 551, 'Cu': 70, 'Zn': 175, 'Class VIII': 385}",,0.5045022551546392,0.5227556317947902,0.4711538553237915,0.5045022551546392,0.609375,0.4711538553237915,0.5045022551546392,0.609375,"[[36, 0, 57, 4], [1, 9, 3, 2], [12, 1, 14, 5], [18, 0, 7, 39]]",0.6,0.5227556317947902,0.3711340206185567,0.3711340206185567,"{'Mn': 0.3711340206185567, 'Cu': 0.6, 'Zn': 0.4375, 'Class VIII': 0.609375}","{'Mn': 97, 'Cu': 15, 'Zn': 32, 'Class VIII': 64}",0.4375,"[[36, 0, 57, 4], [1, 9, 3, 2], [12, 1, 14, 5], [18, 0, 7, 39]]",,0.5227556317947902,0.3711340206185567,0.3711340206185567,"{'Mn': 0.3711340206185567, 'Cu': 0.6, 'Zn': 0.4375, 'Class VIII': 0.609375}","{'Mn': 97, 'Cu': 15, 'Zn': 32, 'Class VIII': 64}"
3,0.0001,0.6778478934555441,0.9460960775613785,1.0,fixed,1.0,,0.8028870766257337,0.805122456363003,0.801016092300415,0.8028870766257337,0.8545454545454545,0.801016092300415,0.8028870766257337,0.8545454545454545,"[[436, 0, 34, 81], [1, 62, 6, 1], [17, 0, 119, 39], [19, 0, 37, 329]]",0.8857142857142857,0.805122456363003,0.68,0.7912885662431942,"{'Mn': 0.7912885662431942, 'Cu': 0.8857142857142857, 'Zn': 0.68, 'Class VIII': 0.8545454545454545}","{'Mn': 551, 'Cu': 70, 'Zn': 175, 'Class VIII': 385}",0.68,"[[436, 0, 34, 81], [1, 62, 6, 1], [17, 0, 119, 39], [19, 0, 37, 329]]",,0.805122456363003,0.68,0.7912885662431942,"{'Mn': 0.7912885662431942, 'Cu': 0.8857142857142857, 'Zn': 0.68, 'Class VIII': 0.8545454545454545}","{'Mn': 551, 'Cu': 70, 'Zn': 175, 'Class VIII': 385}",,0.566956615120275,0.5507194244604317,0.48076921701431274,0.566956615120275,0.625,0.48076921701431274,0.566956615120275,0.625,"[[28, 0, 62, 7], [0, 10, 4, 1], [2, 0, 22, 8], [12, 0, 12, 40]]",0.6666666666666666,0.5507194244604317,0.28865979381443296,0.28865979381443296,"{'Mn': 0.28865979381443296, 'Cu': 0.6666666666666666, 'Zn': 0.6875, 'Class VIII': 0.625}","{'Mn': 97, 'Cu': 15, 'Zn': 32, 'Class VIII': 64}",0.6875,"[[28, 0, 62, 7], [0, 10, 4, 1], [2, 0, 22, 8], [12, 0, 12, 40]]",,0.5507194244604317,0.28865979381443296,0.28865979381443296,"{'Mn': 0.28865979381443296, 'Cu': 0.6666666666666666, 'Zn': 0.6875, 'Class VIII': 0.625}","{'Mn': 97, 'Cu': 15, 'Zn': 32, 'Class VIII': 64}"
4,0.0001,0.5578936985316308,0.9160637907110728,1.0,fixed,1.0,,0.8323150352369952,0.8176898966496646,0.8111769556999207,0.8323150352369952,0.8623376623376623,0.8111769556999207,0.8323150352369952,0.8623376623376623,"[[421, 0, 50, 80], [0, 62, 7, 1], [10, 1, 143, 21], [10, 1, 42, 332]]",0.8857142857142857,0.8176898966496646,0.764065335753176,0.764065335753176,"{'Mn': 0.764065335753176, 'Cu': 0.8857142857142857, 'Zn': 0.8171428571428572, 'Class VIII': 0.8623376623376623}","{'Mn': 551, 'Cu': 70, 'Zn': 175, 'Class VIII': 385}",0.8171428571428572,"[[421, 0, 50, 80], [0, 62, 7, 1], [10, 1, 143, 21], [10, 1, 42, 332]]",,0.8176898966496646,0.764065335753176,0.764065335753176,"{'Mn': 0.764065335753176, 'Cu': 0.8857142857142857, 'Zn': 0.8171428571428572, 'Class VIII': 0.8623376623376623}","{'Mn': 551, 'Cu': 70, 'Zn': 175, 'Class VIII': 385}",,0.6120543384879725,0.5900897086539445,0.5288461446762085,0.6120543384879725,0.625,0.5288461446762085,0.6120543384879725,0.625,"[[36, 0, 56, 5], [0, 11, 4, 0], [1, 0, 23, 8], [7, 1, 16, 40]]",0.7333333333333333,0.5900897086539445,0.3711340206185567,0.3711340206185567,"{'Mn': 0.3711340206185567, 'Cu': 0.7333333333333333, 'Zn': 0.71875, 'Class VIII': 0.625}","{'Mn': 97, 'Cu': 15, 'Zn': 32, 'Class VIII': 64}",0.71875,"[[36, 0, 56, 5], [0, 11, 4, 0], [1, 0, 23, 8], [7, 1, 16, 40]]",,0.5900897086539445,0.3711340206185567,0.3711340206185567,"{'Mn': 0.3711340206185567, 'Cu': 0.7333333333333333, 'Zn': 0.71875, 'Class VIII': 0.625}","{'Mn': 97, 'Cu': 15, 'Zn': 32, 'Class VIII': 64}"
5,0.0001,0.4714990092592465,0.8003557817294047,1.0,fixed,1.0,,0.8610111485610579,0.8656205918852685,0.8712955117225647,0.8610111485610579,0.8285714285714286,0.8712955117225647,0.8610111485610579,0.8285714285714286,"[[506, 0, 16, 29], [1, 62, 6, 1], [18, 1, 142, 14], [34, 0, 32, 319]]",0.8857142857142857,0.8656205918852685,0.8114285714285714,0.9183303085299456,"{'Mn': 0.9183303085299456, 'Cu': 0.8857142857142857, 'Zn': 0.8114285714285714, 'Class VIII': 0.8285714285714286}","{'Mn': 551, 'Cu': 70, 'Zn': 175, 'Class VIII': 385}",0.8114285714285714,"[[506, 0, 16, 29], [1, 62, 6, 1], [18, 1, 142, 14], [34, 0, 32, 319]]",,0.8656205918852685,0.8114285714285714,0.9183303085299456,"{'Mn': 0.9183303085299456, 'Cu': 0.8857142857142857, 'Zn': 0.8114285714285714, 'Class VIII': 0.8285714285714286}","{'Mn': 551, 'Cu': 70, 'Zn': 175, 'Class VIII': 385}",,0.694286941580756,0.6972120988618451,0.7019230723381042,0.694286941580756,0.5625,0.7019230723381042,0.694286941580756,0.5625,"[[77, 0, 20, 0], [0, 11, 4, 0], [6, 0, 22, 4], [17, 1, 10, 36]]",0.7333333333333333,0.6972120988618451,0.5625,0.7938144329896907,"{'Mn': 0.7938144329896907, 'Cu': 0.7333333333333333, 'Zn': 0.6875, 'Class VIII': 0.5625}","{'Mn': 97, 'Cu': 15, 'Zn': 32, 'Class VIII': 64}",0.6875,"[[77, 0, 20, 0], [0, 11, 4, 0], [6, 0, 22, 4], [17, 1, 10, 36]]",,0.6972120988618451,0.5625,0.7938144329896907,"{'Mn': 0.7938144329896907, 'Cu': 0.7333333333333333, 'Zn': 0.6875, 'Class VIII': 0.5625}","{'Mn': 97, 'Cu': 15, 'Zn': 32, 'Class VIII': 64}"
6,0.0001,0.42560993824657556,0.8298437406237309,1.0,fixed,1.0,,0.8791123576967497,0.8690564864674942,0.8789161443710327,0.8791123576967497,0.7636363636363637,0.8789161443710327,0.8791123576967497,0.7636363636363637,"[[525, 0, 7, 19], [0, 64, 5, 1], [14, 1, 155, 5], [35, 4, 52, 294]]",0.9142857142857143,0.8690564864674942,0.7636363636363637,0.9528130671506352,"{'Mn': 0.9528130671506352, 'Cu': 0.9142857142857143, 'Zn': 0.8857142857142857, 'Class VIII': 0.7636363636363637}","{'Mn': 551, 'Cu': 70, 'Zn': 175, 'Class VIII': 385}",0.8857142857142857,"[[525, 0, 7, 19], [0, 64, 5, 1], [14, 1, 155, 5], [35, 4, 52, 294]]",,0.8690564864674942,0.7636363636363637,0.9528130671506352,"{'Mn': 0.9528130671506352, 'Cu': 0.9142857142857143, 'Zn': 0.8857142857142857, 'Class VIII': 0.7636363636363637}","{'Mn': 551, 'Cu': 70, 'Zn': 175, 'Class VIII': 385}",,0.698193191580756,0.6843350956651448,0.6971153616905212,0.698193191580756,0.515625,0.6971153616905212,0.698193191580756,0.515625,"[[77, 0, 20, 0], [0, 11, 4, 0], [7, 0, 24, 1], [17, 3, 11, 33]]",0.7333333333333333,0.6843350956651448,0.515625,0.7938144329896907,"{'Mn': 0.7938144329896907, 'Cu': 0.7333333333333333, 'Zn': 0.75, 'Class VIII': 0.515625}","{'Mn': 97, 'Cu': 15, 'Zn': 32, 'Class VIII': 64}",0.75,"[[77, 0, 20, 0], [0, 11, 4, 0], [7, 0, 24, 1], [17, 3, 11, 33]]",,0.6843350956651448,0.515625,0.7938144329896907,"{'Mn': 0.7938144329896907, 'Cu': 0.7333333333333333, 'Zn': 0.75, 'Class VIII': 0.515625}","{'Mn': 97, 'Cu': 15, 'Zn': 32, 'Class VIII': 64}"
7,0.0001,0.35182225656368443,0.9400872642604204,1.0,fixed,1.0,,0.8400830838852618,0.8658216882418721,0.8755292296409607,0.8400830838852618,0.8545454545454545,0.8755292296409607,0.8400830838852618,0.8545454545454545,"[[529, 0, 1, 21], [1, 63, 4, 2], [43, 0, 113, 19], [46, 1, 9, 329]]",0.9,0.8658216882418721,0.6457142857142857,0.9600725952813067,"{'Mn': 0.9600725952813067, 'Cu': 0.9, 'Zn': 0.6457142857142857, 'Class VIII': 0.8545454545454545}","{'Mn': 551, 'Cu': 70, 'Zn': 175, 'Class VIII': 385}",0.6457142857142857,"[[529, 0, 1, 21], [1, 63, 4, 2], [43, 0, 113, 19], [46, 1, 9, 329]]",,0.8658216882418721,0.6457142857142857,0.9600725952813067,"{'Mn': 0.9600725952813067, 'Cu': 0.9, 'Zn': 0.6457142857142857, 'Class VIII': 0.8545454545454545}","{'Mn': 551, 'Cu': 70, 'Zn': 175, 'Class VIII': 385}",,0.6393229166666666,0.6777206962851863,0.7403846383094788,0.6393229166666666,0.578125,0.7403846383094788,0.6393229166666666,0.578125,"[[97, 0, 0, 0], [1, 10, 4, 0], [14, 0, 10, 8], [22, 0, 5, 37]]",0.6666666666666666,0.6777206962851863,0.3125,1.0,"{'Mn': 1.0, 'Cu': 0.6666666666666666, 'Zn': 0.3125, 'Class VIII': 0.578125}","{'Mn': 97, 'Cu': 15, 'Zn': 32, 'Class VIII': 64}",0.3125,"[[97, 0, 0, 0], [1, 10, 4, 0], [14, 0, 10, 8], [22, 0, 5, 37]]",,0.6777206962851863,0.3125,1.0,"{'Mn': 1.0, 'Cu': 0.6666666666666666, 'Zn': 0.3125, 'Class VIII': 0.578125}","{'Mn': 97, 'Cu': 15, 'Zn': 32, 'Class VIII': 64}"
8,0.0001,0.36073735565249176,0.8332154173403978,1.0,fixed,1.0,,0.9049047776180262,0.9098592133586592,0.9153259992599487,0.9049047776180262,0.9272727272727272,0.9153259992599487,0.9049047776180262,0.9272727272727272,"[[509, 0, 10, 32], [0, 63, 4, 3], [11, 1, 152, 11], [13, 0, 15, 357]]",0.9,0.9098592133586592,0.8685714285714285,0.9237749546279492,"{'Mn': 0.9237749546279492, 'Cu': 0.9, 'Zn': 0.8685714285714285, 'Class VIII': 0.9272727272727272}","{'Mn': 551, 'Cu': 70, 'Zn': 175, 'Class VIII': 385}",0.8685714285714285,"[[509, 0, 10, 32], [0, 63, 4, 3], [11, 1, 152, 11], [13, 0, 15, 357]]",,0.9098592133586592,0.8685714285714285,0.9237749546279492,"{'Mn': 0.9237749546279492, 'Cu': 0.9, 'Zn': 0.8685714285714285, 'Class VIII': 0.9272727272727272}","{'Mn': 551, 'Cu': 70, 'Zn': 175, 'Class VIII': 385}",,0.7256174828178694,0.7267677321490579,0.7259615659713745,0.7256174828178694,0.65625,0.7259615659713745,0.7256174828178694,0.65625,"[[74, 0, 20, 3], [0, 11, 4, 0], [2, 0, 24, 6], [10, 0, 12, 42]]",0.7333333333333333,0.7267677321490579,0.65625,0.7628865979381443,"{'Mn': 0.7628865979381443, 'Cu': 0.7333333333333333, 'Zn': 0.75, 'Class VIII': 0.65625}","{'Mn': 97, 'Cu': 15, 'Zn': 32, 'Class VIII': 64}",0.75,"[[74, 0, 20, 3], [0, 11, 4, 0], [2, 0, 24, 6], [10, 0, 12, 42]]",,0.7267677321490579,0.65625,0.7628865979381443,"{'Mn': 0.7628865979381443, 'Cu': 0.7333333333333333, 'Zn': 0.75, 'Class VIII': 0.65625}","{'Mn': 97, 'Cu': 15, 'Zn': 32, 'Class VIII': 64}"
9,0.0001,0.30890468487239164,0.9164098964001124,1.0,fixed,1.0,,0.9120082730336814,0.9055498943697898,0.9034716486930847,0.9120082730336814,0.9662337662337662,0.9034716486930847,0.9120082730336814,0.9662337662337662,"[[478, 2, 7, 64], [0, 67, 2, 1], [7, 2, 150, 16], [3, 2, 8, 372]]",0.9571428571428572,0.9055498943697898,0.8571428571428571,0.867513611615245,"{'Mn': 0.867513611615245, 'Cu': 0.9571428571428572, 'Zn': 0.8571428571428571, 'Class VIII': 0.9662337662337662}","{'Mn': 551, 'Cu': 70, 'Zn': 175, 'Class VIII': 385}",0.8571428571428571,"[[478, 2, 7, 64], [0, 67, 2, 1], [7, 2, 150, 16], [3, 2, 8, 372]]",,0.9055498943697898,0.8571428571428571,0.867513611615245,"{'Mn': 0.867513611615245, 'Cu': 0.9571428571428572, 'Zn': 0.8571428571428571, 'Class VIII': 0.9662337662337662}","{'Mn': 551, 'Cu': 70, 'Zn': 175, 'Class VIII': 385}",,0.7219528565292096,0.7178122973704124,0.7067307829856873,0.7219528565292096,0.734375,0.7067307829856873,0.7219528565292096,0.734375,"[[65, 0, 18, 14], [0, 11, 4, 0], [2, 0, 24, 6], [8, 0, 9, 47]]",0.7333333333333333,0.7178122973704124,0.6701030927835051,0.6701030927835051,"{'Mn': 0.6701030927835051, 'Cu': 0.7333333333333333, 'Zn': 0.75, 'Class VIII': 0.734375}","{'Mn': 97, 'Cu': 15, 'Zn': 32, 'Class VIII': 64}",0.75,"[[65, 0, 18, 14], [0, 11, 4, 0], [2, 0, 24, 6], [8, 0, 9, 47]]",,0.7178122973704124,0.6701030927835051,0.6701030927835051,"{'Mn': 0.6701030927835051, 'Cu': 0.7333333333333333, 'Zn': 0.75, 'Class VIII': 0.734375}","{'Mn': 97, 'Cu': 15, 'Zn': 32, 'Class VIII': 64}"
10,0.0001,0.299145519226865,1.2875069357150306,1.0,fixed,1.0,,0.7805436396634219,0.7947780127734646,0.8120236992835999,0.7805436396634219,0.9896103896103896,0.8120236992835999,0.7805436396634219,0.9896103896103896,"[[443, 0, 2, 106], [0, 65, 0, 5], [7, 1, 70, 97], [2, 1, 1, 381]]",0.9285714285714286,0.7947780127734646,0.4,0.8039927404718693,"{'Mn': 0.8039927404718693, 'Cu': 0.9285714285714286, 'Zn': 0.4, 'Class VIII': 0.9896103896103896}","{'Mn': 551, 'Cu': 70, 'Zn': 175, 'Class VIII': 385}",0.4,"[[443, 0, 2, 106], [0, 65, 0, 5], [7, 1, 70, 97], [2, 1, 1, 381]]",,0.7947780127734646,0.4,0.8039927404718693,"{'Mn': 0.8039927404718693, 'Cu': 0.9285714285714286, 'Zn': 0.4, 'Class VIII': 0.9896103896103896}","{'Mn': 551, 'Cu': 70, 'Zn': 175, 'Class VIII': 385}",,0.5995758161512027,0.6129636909171079,0.682692289352417,0.5995758161512027,0.84375,0.682692289352417,0.5995758161512027,0.84375,"[[74, 0, 0, 23], [0, 10, 2, 3], [3, 0, 4, 25], [7, 0, 3, 54]]",0.6666666666666666,0.6129636909171079,0.125,0.7628865979381443,"{'Mn': 0.7628865979381443, 'Cu': 0.6666666666666666, 'Zn': 0.125, 'Class VIII': 0.84375}","{'Mn': 97, 'Cu': 15, 'Zn': 32, 'Class VIII': 64}",0.125,"[[74, 0, 0, 23], [0, 10, 2, 3], [3, 0, 4, 25], [7, 0, 3, 54]]",,0.6129636909171079,0.125,0.7628865979381443,"{'Mn': 0.7628865979381443, 'Cu': 0.6666666666666666, 'Zn': 0.125, 'Class VIII': 0.84375}","{'Mn': 97, 'Cu': 15, 'Zn': 32, 'Class VIII': 64}"
11,0.0001,0.2923968177779603,1.218940102137052,1.0,fixed,1.0,,0.8865050557428052,0.8553345574845918,0.8662150502204895,0.8865050557428052,0.6571428571428571,0.8662150502204895,0.8865050557428052,0.6571428571428571,"[[537, 1, 11, 2], [0, 68, 1, 1], [7, 3, 165, 0], [54, 6, 72, 253]]",0.9714285714285714,0.8553345574845918,0.6571428571428571,0.9745916515426497,"{'Mn': 0.9745916515426497, 'Cu': 0.9714285714285714, 'Zn': 0.9428571428571428, 'Class VIII': 0.6571428571428571}","{'Mn': 551, 'Cu': 70, 'Zn': 175, 'Class VIII': 385}",0.9428571428571428,"[[537, 1, 11, 2], [0, 68, 1, 1], [7, 3, 165, 0], [54, 6, 72, 253]]",,0.8553345574845918,0.6571428571428571,0.9745916515426497,"{'Mn': 0.9745916515426497, 'Cu': 0.9714285714285714, 'Zn': 0.9428571428571428, 'Class VIII': 0.6571428571428571}","{'Mn': 551, 'Cu': 70, 'Zn': 175, 'Class VIII': 385}",,0.7154343857388317,0.7068945907592137,0.7067307829856873,0.7154343857388317,0.515625,0.7067307829856873,0.7154343857388317,0.515625,"[[75, 0, 22, 0], [1, 10, 4, 0], [3, 0, 29, 0], [14, 0, 17, 33]]",0.6666666666666666,0.7068945907592137,0.515625,0.7731958762886598,"{'Mn': 0.7731958762886598, 'Cu': 0.6666666666666666, 'Zn': 0.90625, 'Class VIII': 0.515625}","{'Mn': 97, 'Cu': 15, 'Zn': 32, 'Class VIII': 64}",0.90625,"[[75, 0, 22, 0], [1, 10, 4, 0], [3, 0, 29, 0], [14, 0, 17, 33]]",,0.7068945907592137,0.515625,0.7731958762886598,"{'Mn': 0.7731958762886598, 'Cu': 0.6666666666666666, 'Zn': 0.90625, 'Class VIII': 0.515625}","{'Mn': 97, 'Cu': 15, 'Zn': 32, 'Class VIII': 64}"
12,0.0001,0.28105063770734073,1.0616017785639718,1.0,fixed,1.0,,0.9315273292950244,0.9303545611040902,0.9297205805778503,0.9315273292950244,0.9376623376623376,0.9297205805778503,0.9315273292950244,0.9376623376623376,"[[510, 0, 8, 33], [0, 66, 2, 2], [4, 2, 161, 8], [14, 0, 10, 361]]",0.9428571428571428,0.9303545611040902,0.92,0.925589836660617,"{'Mn': 0.925589836660617, 'Cu': 0.9428571428571428, 'Zn': 0.92, 'Class VIII': 0.9376623376623376}","{'Mn': 551, 'Cu': 70, 'Zn': 175, 'Class VIII': 385}",0.92,"[[510, 0, 8, 33], [0, 66, 2, 2], [4, 2, 161, 8], [14, 0, 10, 361]]",,0.9303545611040902,0.92,0.925589836660617,"{'Mn': 0.925589836660617, 'Cu': 0.9428571428571428, 'Zn': 0.92, 'Class VIII': 0.9376623376623376}","{'Mn': 551, 'Cu': 70, 'Zn': 175, 'Class VIII': 385}",,0.6593723152920962,0.6680052377341533,0.6538461446762085,0.6593723152920962,0.578125,0.6538461446762085,0.6593723152920962,0.578125,"[[68, 0, 18, 11], [0, 11, 4, 0], [4, 0, 20, 8], [18, 0, 9, 37]]",0.7333333333333333,0.6680052377341533,0.578125,0.7010309278350515,"{'Mn': 0.7010309278350515, 'Cu': 0.7333333333333333, 'Zn': 0.625, 'Class VIII': 0.578125}","{'Mn': 97, 'Cu': 15, 'Zn': 32, 'Class VIII': 64}",0.625,"[[68, 0, 18, 11], [0, 11, 4, 0], [4, 0, 20, 8], [18, 0, 9, 37]]",,0.6680052377341533,0.578125,0.7010309278350515,"{'Mn': 0.7010309278350515, 'Cu': 0.7333333333333333, 'Zn': 0.625, 'Class VIII': 0.578125}","{'Mn': 97, 'Cu': 15, 'Zn': 32, 'Class VIII': 64}"
13,0.0001,0.24829568649403047,1.1582556594646751,1.0,fixed,1.0,,0.9220542343319112,0.926176051763088,0.9280270934104919,0.9220542343319112,0.9818181818181818,0.9280270934104919,0.9220542343319112,0.9818181818181818,"[[501, 0, 4, 46], [0, 65, 1, 4], [4, 2, 152, 17], [2, 1, 4, 378]]",0.9285714285714286,0.926176051763088,0.8685714285714285,0.9092558983666061,"{'Mn': 0.9092558983666061, 'Cu': 0.9285714285714286, 'Zn': 0.8685714285714285, 'Class VIII': 0.9818181818181818}","{'Mn': 551, 'Cu': 70, 'Zn': 175, 'Class VIII': 385}",0.8685714285714285,"[[501, 0, 4, 46], [0, 65, 1, 4], [4, 2, 152, 17], [2, 1, 4, 378]]",,0.926176051763088,0.8685714285714285,0.9092558983666061,"{'Mn': 0.9092558983666061, 'Cu': 0.9285714285714286, 'Zn': 0.8685714285714285, 'Class VIII': 0.9818181818181818}","{'Mn': 551, 'Cu': 70, 'Zn': 175, 'Class VIII': 385}",,0.6983542740549828,0.7057027523438785,0.7019230723381042,0.6983542740549828,0.671875,0.7019230723381042,0.6983542740549828,0.671875,"[[71, 0, 19, 7], [0, 11, 4, 0], [3, 0, 21, 8], [13, 0, 8, 43]]",0.7333333333333333,0.7057027523438785,0.65625,0.7319587628865979,"{'Mn': 0.7319587628865979, 'Cu': 0.7333333333333333, 'Zn': 0.65625, 'Class VIII': 0.671875}","{'Mn': 97, 'Cu': 15, 'Zn': 32, 'Class VIII': 64}",0.65625,"[[71, 0, 19, 7], [0, 11, 4, 0], [3, 0, 21, 8], [13, 0, 8, 43]]",,0.7057027523438785,0.65625,0.7319587628865979,"{'Mn': 0.7319587628865979, 'Cu': 0.7333333333333333, 'Zn': 0.65625, 'Class VIII': 0.671875}","{'Mn': 97, 'Cu': 15, 'Zn': 32, 'Class VIII': 64}"
14,0.0001,0.26129488397713724,1.2378903863450081,1.0,fixed,1.0,,0.9374166214910317,0.9416871807340236,0.9458086490631104,0.9374166214910317,0.9376623376623376,0.9458086490631104,0.9374166214910317,0.9376623376623376,"[[534, 0, 1, 16], [0, 67, 1, 2], [7, 2, 155, 11], [18, 2, 4, 361]]",0.9571428571428572,0.9416871807340236,0.8857142857142857,0.969147005444646,"{'Mn': 0.969147005444646, 'Cu': 0.9571428571428572, 'Zn': 0.8857142857142857, 'Class VIII': 0.9376623376623376}","{'Mn': 551, 'Cu': 70, 'Zn': 175, 'Class VIII': 385}",0.8857142857142857,"[[534, 0, 1, 16], [0, 67, 1, 2], [7, 2, 155, 11], [18, 2, 4, 361]]",,0.9416871807340236,0.8857142857142857,0.969147005444646,"{'Mn': 0.969147005444646, 'Cu': 0.9571428571428572, 'Zn': 0.8857142857142857, 'Class VIII': 0.9376623376623376}","{'Mn': 551, 'Cu': 70, 'Zn': 175, 'Class VIII': 385}",,0.7043545962199312,0.7336467923594845,0.754807710647583,0.7043545962199312,0.59375,0.754807710647583,0.7043545962199312,0.59375,"[[90, 0, 0, 7], [0, 11, 4, 0], [9, 0, 18, 5], [18, 0, 8, 38]]",0.7333333333333333,0.7336467923594845,0.5625,0.9278350515463918,"{'Mn': 0.9278350515463918, 'Cu': 0.7333333333333333, 'Zn': 0.5625, 'Class VIII': 0.59375}","{'Mn': 97, 'Cu': 15, 'Zn': 32, 'Class VIII': 64}",0.5625,"[[90, 0, 0, 7], [0, 11, 4, 0], [9, 0, 18, 5], [18, 0, 8, 38]]",,0.7336467923594845,0.5625,0.9278350515463918,"{'Mn': 0.9278350515463918, 'Cu': 0.7333333333333333, 'Zn': 0.5625, 'Class VIII': 0.59375}","{'Mn': 97, 'Cu': 15, 'Zn': 32, 'Class VIII': 64}"
15,0.0001,0.2359529653795353,1.4010913674719632,1.0,fixed,1.0,,0.9400461969971952,0.9193658391924444,0.9212532043457031,0.9400461969971952,0.9246753246753247,0.9212532043457031,0.9400461969971952,0.9246753246753247,"[[495, 1, 15, 40], [0, 68, 1, 1], [3, 2, 169, 1], [6, 4, 19, 356]]",0.9714285714285714,0.9193658391924444,0.8983666061705989,0.8983666061705989,"{'Mn': 0.8983666061705989, 'Cu': 0.9714285714285714, 'Zn': 0.9657142857142857, 'Class VIII': 0.9246753246753247}","{'Mn': 551, 'Cu': 70, 'Zn': 175, 'Class VIII': 385}",0.9657142857142857,"[[495, 1, 15, 40], [0, 68, 1, 1], [3, 2, 169, 1], [6, 4, 19, 356]]",,0.9193658391924444,0.8983666061705989,0.8983666061705989,"{'Mn': 0.8983666061705989, 'Cu': 0.9714285714285714, 'Zn': 0.9657142857142857, 'Class VIII': 0.9246753246753247}","{'Mn': 551, 'Cu': 70, 'Zn': 175, 'Class VIII': 385}",,0.7167633161512027,0.7153101429697175,0.7163461446762085,0.7167633161512027,0.59375,0.7163461446762085,0.7167633161512027,0.59375,"[[74, 0, 20, 3], [1, 10, 4, 0], [2, 0, 27, 3], [15, 0, 11, 38]]",0.6666666666666666,0.7153101429697175,0.59375,0.7628865979381443,"{'Mn': 0.7628865979381443, 'Cu': 0.6666666666666666, 'Zn': 0.84375, 'Class VIII': 0.59375}","{'Mn': 97, 'Cu': 15, 'Zn': 32, 'Class VIII': 64}",0.84375,"[[74, 0, 20, 3], [1, 10, 4, 0], [2, 0, 27, 3], [15, 0, 11, 38]]",,0.7153101429697175,0.59375,0.7628865979381443,"{'Mn': 0.7628865979381443, 'Cu': 0.6666666666666666, 'Zn': 0.84375, 'Class VIII': 0.59375}","{'Mn': 97, 'Cu': 15, 'Zn': 32, 'Class VIII': 64}"
16,0.0001,0.23602162623098372,1.5287832649818693,1.0,fixed,1.0,,0.9428252056473472,0.9405704664021604,0.939881443977356,0.9428252056473472,0.961038961038961,0.939881443977356,0.9428252056473472,0.961038961038961,"[[511, 0, 4, 36], [0, 67, 2, 1], [5, 1, 162, 7], [4, 1, 10, 370]]",0.9571428571428572,0.9405704664021604,0.9257142857142857,0.9274047186932849,"{'Mn': 0.9274047186932849, 'Cu': 0.9571428571428572, 'Zn': 0.9257142857142857, 'Class VIII': 0.961038961038961}","{'Mn': 551, 'Cu': 70, 'Zn': 175, 'Class VIII': 385}",0.9257142857142857,"[[511, 0, 4, 36], [0, 67, 2, 1], [5, 1, 162, 7], [4, 1, 10, 370]]",,0.9405704664021604,0.9257142857142857,0.9274047186932849,"{'Mn': 0.9274047186932849, 'Cu': 0.9571428571428572, 'Zn': 0.9257142857142857, 'Class VIII': 0.961038961038961}","{'Mn': 551, 'Cu': 70, 'Zn': 175, 'Class VIII': 385}",,0.6556727878006873,0.6704583495132631,0.6682692170143127,0.6556727878006873,0.609375,0.6682692170143127,0.6556727878006873,0.609375,"[[70, 0, 20, 7], [1, 10, 4, 0], [7, 0, 20, 5], [16, 0, 9, 39]]",0.6666666666666666,0.6704583495132631,0.609375,0.7216494845360825,"{'Mn': 0.7216494845360825, 'Cu': 0.6666666666666666, 'Zn': 0.625, 'Class VIII': 0.609375}","{'Mn': 97, 'Cu': 15, 'Zn': 32, 'Class VIII': 64}",0.625,"[[70, 0, 20, 7], [1, 10, 4, 0], [7, 0, 20, 5], [16, 0, 9, 39]]",,0.6704583495132631,0.609375,0.7216494845360825,"{'Mn': 0.7216494845360825, 'Cu': 0.6666666666666666, 'Zn': 0.625, 'Class VIII': 0.609375}","{'Mn': 97, 'Cu': 15, 'Zn': 32, 'Class VIII': 64}"
17,0.0001,0.2515555680949694,1.2783796625355115,1.0,fixed,1.0,,0.9336718363306385,0.9379989842163945,0.9373412132263184,0.9336718363306385,0.987012987012987,0.9373412132263184,0.9336718363306385,0.987012987012987,"[[508, 0, 1, 42], [0, 67, 1, 2], [6, 2, 152, 15], [3, 1, 1, 380]]",0.9571428571428572,0.9379989842163945,0.8685714285714285,0.9219600725952813,"{'Mn': 0.9219600725952813, 'Cu': 0.9571428571428572, 'Zn': 0.8685714285714285, 'Class VIII': 0.987012987012987}","{'Mn': 551, 'Cu': 70, 'Zn': 175, 'Class VIII': 385}",0.8685714285714285,"[[508, 0, 1, 42], [0, 67, 1, 2], [6, 2, 152, 15], [3, 1, 1, 380]]",,0.9379989842163945,0.8685714285714285,0.9219600725952813,"{'Mn': 0.9219600725952813, 'Cu': 0.9571428571428572, 'Zn': 0.8685714285714285, 'Class VIII': 0.987012987012987}","{'Mn': 551, 'Cu': 70, 'Zn': 175, 'Class VIII': 385}",,0.6229676761168385,0.6345678395678396,0.6394230723381042,0.6229676761168385,0.671875,0.6394230723381042,0.6229676761168385,0.671875,"[[66, 0, 18, 13], [0, 11, 4, 0], [6, 1, 13, 12], [13, 0, 8, 43]]",0.7333333333333333,0.6345678395678396,0.40625,0.6804123711340206,"{'Mn': 0.6804123711340206, 'Cu': 0.7333333333333333, 'Zn': 0.40625, 'Class VIII': 0.671875}","{'Mn': 97, 'Cu': 15, 'Zn': 32, 'Class VIII': 64}",0.40625,"[[66, 0, 18, 13], [0, 11, 4, 0], [6, 1, 13, 12], [13, 0, 8, 43]]",,0.6345678395678396,0.40625,0.6804123711340206,"{'Mn': 0.6804123711340206, 'Cu': 0.7333333333333333, 'Zn': 0.40625, 'Class VIII': 0.671875}","{'Mn': 97, 'Cu': 15, 'Zn': 32, 'Class VIII': 64}"
18,0.0001,0.23706856621012432,1.6605542074136723,1.0,fixed,1.0,,0.9478678671600631,0.9424504511815063,0.9475021362304688,0.9478678671600631,0.9064935064935065,0.9475021362304688,0.9478678671600631,0.9064935064935065,"[[538, 1, 3, 9], [0, 68, 1, 1], [5, 2, 164, 4], [25, 4, 7, 349]]",0.9714285714285714,0.9424504511815063,0.9064935064935065,0.9764065335753176,"{'Mn': 0.9764065335753176, 'Cu': 0.9714285714285714, 'Zn': 0.9371428571428572, 'Class VIII': 0.9064935064935065}","{'Mn': 551, 'Cu': 70, 'Zn': 175, 'Class VIII': 385}",0.9371428571428572,"[[538, 1, 3, 9], [0, 68, 1, 1], [5, 2, 164, 4], [25, 4, 7, 349]]",,0.9424504511815063,0.9064935064935065,0.9764065335753176,"{'Mn': 0.9764065335753176, 'Cu': 0.9714285714285714, 'Zn': 0.9371428571428572, 'Class VIII': 0.9064935064935065}","{'Mn': 551, 'Cu': 70, 'Zn': 175, 'Class VIII': 385}",,0.6581695661512027,0.6751642527088564,0.6730769276618958,0.6581695661512027,0.546875,0.6730769276618958,0.6581695661512027,0.546875,"[[74, 0, 20, 3], [1, 10, 4, 0], [10, 0, 21, 1], [20, 0, 9, 35]]",0.6666666666666666,0.6751642527088564,0.546875,0.7628865979381443,"{'Mn': 0.7628865979381443, 'Cu': 0.6666666666666666, 'Zn': 0.65625, 'Class VIII': 0.546875}","{'Mn': 97, 'Cu': 15, 'Zn': 32, 'Class VIII': 64}",0.65625,"[[74, 0, 20, 3], [1, 10, 4, 0], [10, 0, 21, 1], [20, 0, 9, 35]]",,0.6751642527088564,0.546875,0.7628865979381443,"{'Mn': 0.7628865979381443, 'Cu': 0.6666666666666666, 'Zn': 0.65625, 'Class VIII': 0.546875}","{'Mn': 97, 'Cu': 15, 'Zn': 32, 'Class VIII': 64}"
19,0.0001,0.21723329055296475,1.7037636339798785,1.0,fixed,1.0,,0.9246285384307162,0.9365490934079989,0.9390347003936768,0.9246285384307162,0.9584415584415584,0.9390347003936768,0.9246285384307162,0.9584415584415584,"[[529, 0, 0, 22], [0, 67, 1, 2], [16, 1, 144, 14], [14, 1, 1, 369]]",0.9571428571428572,0.9365490934079989,0.8228571428571428,0.9600725952813067,"{'Mn': 0.9600725952813067, 'Cu': 0.9571428571428572, 'Zn': 0.8228571428571428, 'Class VIII': 0.9584415584415584}","{'Mn': 551, 'Cu': 70, 'Zn': 175, 'Class VIII': 385}",0.8228571428571428,"[[529, 0, 0, 22], [0, 67, 1, 2], [16, 1, 144, 14], [14, 1, 1, 369]]",,0.9365490934079989,0.8228571428571428,0.9600725952813067,"{'Mn': 0.9600725952813067, 'Cu': 0.9571428571428572, 'Zn': 0.8228571428571428, 'Class VIII': 0.9584415584415584}","{'Mn': 551, 'Cu': 70, 'Zn': 175, 'Class VIII': 385}",,0.6588085266323024,0.6882218072266255,0.7259615659713745,0.6588085266323024,0.609375,0.7259615659713745,0.6588085266323024,0.609375,"[[89, 0, 1, 7], [0, 11, 4, 0], [10, 0, 12, 10], [17, 0, 8, 39]]",0.7333333333333333,0.6882218072266255,0.375,0.9175257731958762,"{'Mn': 0.9175257731958762, 'Cu': 0.7333333333333333, 'Zn': 0.375, 'Class VIII': 0.609375}","{'Mn': 97, 'Cu': 15, 'Zn': 32, 'Class VIII': 64}",0.375,"[[89, 0, 1, 7], [0, 11, 4, 0], [10, 0, 12, 10], [17, 0, 8, 39]]",,0.6882218072266255,0.375,0.9175257731958762,"{'Mn': 0.9175257731958762, 'Cu': 0.7333333333333333, 'Zn': 0.375, 'Class VIII': 0.609375}","{'Mn': 97, 'Cu': 15, 'Zn': 32, 'Class VIII': 64}"
20,0.0001,0.22205678798569795,1.4780880394570817,1.0,fixed,1.0,,0.9489857873523935,0.9464283393242516,0.9466553926467896,0.9489857873523935,0.9532467532467532,0.9466553926467896,0.9489857873523935,0.9532467532467532,"[[521, 0, 9, 21], [0, 68, 1, 1], [4, 1, 162, 8], [13, 2, 3, 367]]",0.9714285714285714,0.9464283393242516,0.9257142857142857,0.9455535390199638,"{'Mn': 0.9455535390199638, 'Cu': 0.9714285714285714, 'Zn': 0.9257142857142857, 'Class VIII': 0.9532467532467532}","{'Mn': 551, 'Cu': 70, 'Zn': 175, 'Class VIII': 385}",0.9257142857142857,"[[521, 0, 9, 21], [0, 68, 1, 1], [4, 1, 162, 8], [13, 2, 3, 367]]",,0.9464283393242516,0.9257142857142857,0.9455535390199638,"{'Mn': 0.9455535390199638, 'Cu': 0.9714285714285714, 'Zn': 0.9257142857142857, 'Class VIII': 0.9532467532467532}","{'Mn': 551, 'Cu': 70, 'Zn': 175, 'Class VIII': 385}",,0.6672653565292096,0.6717260812098529,0.6538461446762085,0.6672653565292096,0.609375,0.6538461446762085,0.6672653565292096,0.609375,"[[65, 0, 20, 12], [0, 11, 4, 0], [3, 0, 21, 8], [16, 0, 9, 39]]",0.7333333333333333,0.6717260812098529,0.609375,0.6701030927835051,"{'Mn': 0.6701030927835051, 'Cu': 0.7333333333333333, 'Zn': 0.65625, 'Class VIII': 0.609375}","{'Mn': 97, 'Cu': 15, 'Zn': 32, 'Class VIII': 64}",0.65625,"[[65, 0, 20, 12], [0, 11, 4, 0], [3, 0, 21, 8], [16, 0, 9, 39]]",,0.6717260812098529,0.609375,0.6701030927835051,"{'Mn': 0.6701030927835051, 'Cu': 0.7333333333333333, 'Zn': 0.65625, 'Class VIII': 0.609375}","{'Mn': 97, 'Cu': 15, 'Zn': 32, 'Class VIII': 64}"
21,0.0001,0.20077342194491468,1.6373230900342326,1.0,fixed,1.0,,0.9520253612086642,0.9533214740546826,0.9534292817115784,0.9520253612086642,0.9324675324675324,0.9534292817115784,0.9520253612086642,0.9324675324675324,"[[536, 0, 0, 15], [0, 68, 1, 1], [7, 1, 163, 4], [18, 2, 6, 359]]",0.9714285714285714,0.9533214740546826,0.9314285714285714,0.9727767695099818,"{'Mn': 0.9727767695099818, 'Cu': 0.9714285714285714, 'Zn': 0.9314285714285714, 'Class VIII': 0.9324675324675324}","{'Mn': 551, 'Cu': 70, 'Zn': 175, 'Class VIII': 385}",0.9314285714285714,"[[536, 0, 0, 15], [0, 68, 1, 1], [7, 1, 163, 4], [18, 2, 6, 359]]",,0.9533214740546826,0.9314285714285714,0.9727767695099818,"{'Mn': 0.9727767695099818, 'Cu': 0.9714285714285714, 'Zn': 0.9314285714285714, 'Class VIII': 0.9324675324675324}","{'Mn': 551, 'Cu': 70, 'Zn': 175, 'Class VIII': 385}",,0.6709299828178694,0.6839947315557072,0.6778846383094788,0.6709299828178694,0.5625,0.6778846383094788,0.6709299828178694,0.5625,"[[74, 0, 17, 6], [0, 11, 4, 0], [8, 0, 20, 4], [19, 0, 9, 36]]",0.7333333333333333,0.6839947315557072,0.5625,0.7628865979381443,"{'Mn': 0.7628865979381443, 'Cu': 0.7333333333333333, 'Zn': 0.625, 'Class VIII': 0.5625}","{'Mn': 97, 'Cu': 15, 'Zn': 32, 'Class VIII': 64}",0.625,"[[74, 0, 17, 6], [0, 11, 4, 0], [8, 0, 20, 4], [19, 0, 9, 36]]",,0.6839947315557072,0.5625,0.7628865979381443,"{'Mn': 0.7628865979381443, 'Cu': 0.7333333333333333, 'Zn': 0.625, 'Class VIII': 0.5625}","{'Mn': 97, 'Cu': 15, 'Zn': 32, 'Class VIII': 64}"
22,0.0001,0.2214022951779338,1.764464101192201,1.0,fixed,1.0,,0.9301570933603601,0.9434684355244978,0.9475021362304688,0.9301570933603601,0.9948051948051948,0.9475021362304688,0.9301570933603601,0.9948051948051948,"[[518, 0, 0, 33], [0, 63, 3, 4], [7, 0, 155, 13], [1, 0, 1, 383]]",0.9,0.9434684355244978,0.8857142857142857,0.9401088929219601,"{'Mn': 0.9401088929219601, 'Cu': 0.9, 'Zn': 0.8857142857142857, 'Class VIII': 0.9948051948051948}","{'Mn': 551, 'Cu': 70, 'Zn': 175, 'Class VIII': 385}",0.8857142857142857,"[[518, 0, 0, 33], [0, 63, 3, 4], [7, 0, 155, 13], [1, 0, 1, 383]]",,0.9434684355244978,0.8857142857142857,0.9401088929219601,"{'Mn': 0.9401088929219601, 'Cu': 0.9, 'Zn': 0.8857142857142857, 'Class VIII': 0.9948051948051948}","{'Mn': 551, 'Cu': 70, 'Zn': 175, 'Class VIII': 385}",,0.6026014819587628,0.6278402452219811,0.6442307829856873,0.6026014819587628,0.671875,0.6442307829856873,0.6026014819587628,0.671875,"[[68, 0, 15, 14], [1, 9, 4, 1], [7, 0, 14, 11], [13, 0, 8, 43]]",0.6,0.6278402452219811,0.4375,0.7010309278350515,"{'Mn': 0.7010309278350515, 'Cu': 0.6, 'Zn': 0.4375, 'Class VIII': 0.671875}","{'Mn': 97, 'Cu': 15, 'Zn': 32, 'Class VIII': 64}",0.4375,"[[68, 0, 15, 14], [1, 9, 4, 1], [7, 0, 14, 11], [13, 0, 8, 43]]",,0.6278402452219811,0.4375,0.7010309278350515,"{'Mn': 0.7010309278350515, 'Cu': 0.6, 'Zn': 0.4375, 'Class VIII': 0.671875}","{'Mn': 97, 'Cu': 15, 'Zn': 32, 'Class VIII': 64}"
23,0.0001,0.1995066209809109,1.8184519952606375,1.0,fixed,1.0,,0.9333141631508237,0.9275341361310436,0.9280270934104919,0.9333141631508237,0.812987012987013,0.9280270934104919,0.9333141631508237,0.812987012987013,"[[548, 0, 0, 3], [0, 68, 1, 1], [7, 1, 167, 0], [44, 3, 25, 313]]",0.9714285714285714,0.9275341361310436,0.812987012987013,0.9945553539019963,"{'Mn': 0.9945553539019963, 'Cu': 0.9714285714285714, 'Zn': 0.9542857142857143, 'Class VIII': 0.812987012987013}","{'Mn': 551, 'Cu': 70, 'Zn': 175, 'Class VIII': 385}",0.9542857142857143,"[[548, 0, 0, 3], [0, 68, 1, 1], [7, 1, 167, 0], [44, 3, 25, 313]]",,0.9275341361310436,0.812987012987013,0.9945553539019963,"{'Mn': 0.9945553539019963, 'Cu': 0.9714285714285714, 'Zn': 0.9542857142857143, 'Class VIII': 0.812987012987013}","{'Mn': 551, 'Cu': 70, 'Zn': 175, 'Class VIII': 385}",,0.6617080111683848,0.6727597880561003,0.6778846383094788,0.6617080111683848,0.515625,0.6778846383094788,0.6617080111683848,0.515625,"[[78, 0, 17, 2], [0, 11, 4, 0], [10, 1, 19, 2], [22, 0, 9, 33]]",0.7333333333333333,0.6727597880561003,0.515625,0.8041237113402062,"{'Mn': 0.8041237113402062, 'Cu': 0.7333333333333333, 'Zn': 0.59375, 'Class VIII': 0.515625}","{'Mn': 97, 'Cu': 15, 'Zn': 32, 'Class VIII': 64}",0.59375,"[[78, 0, 17, 2], [0, 11, 4, 0], [10, 1, 19, 2], [22, 0, 9, 33]]",,0.6727597880561003,0.515625,0.8041237113402062,"{'Mn': 0.8041237113402062, 'Cu': 0.7333333333333333, 'Zn': 0.59375, 'Class VIII': 0.515625}","{'Mn': 97, 'Cu': 15, 'Zn': 32, 'Class VIII': 64}"
24,0.0001,0.18383621176041276,1.818057793555244,1.0,fixed,1.0,,0.9490416480071653,0.9579675952878166,0.960203230381012,0.9490416480071653,0.9792207792207792,0.960203230381012,0.9490416480071653,0.9792207792207792,"[[532, 0, 1, 18], [0, 66, 1, 3], [6, 1, 159, 9], [8, 0, 0, 377]]",0.9428571428571428,0.9579675952878166,0.9085714285714286,0.9655172413793104,"{'Mn': 0.9655172413793104, 'Cu': 0.9428571428571428, 'Zn': 0.9085714285714286, 'Class VIII': 0.9792207792207792}","{'Mn': 551, 'Cu': 70, 'Zn': 175, 'Class VIII': 385}",0.9085714285714286,"[[532, 0, 1, 18], [0, 66, 1, 3], [6, 1, 159, 9], [8, 0, 0, 377]]",,0.9579675952878166,0.9085714285714286,0.9655172413793104,"{'Mn': 0.9655172413793104, 'Cu': 0.9428571428571428, 'Zn': 0.9085714285714286, 'Class VIII': 0.9792207792207792}","{'Mn': 551, 'Cu': 70, 'Zn': 175, 'Class VIII': 385}",,0.641296176975945,0.6618240366191186,0.6682692170143127,0.641296176975945,0.625,0.6682692170143127,0.641296176975945,0.625,"[[72, 0, 16, 9], [0, 10, 4, 1], [7, 0, 17, 8], [16, 0, 8, 40]]",0.6666666666666666,0.6618240366191186,0.53125,0.7422680412371134,"{'Mn': 0.7422680412371134, 'Cu': 0.6666666666666666, 'Zn': 0.53125, 'Class VIII': 0.625}","{'Mn': 97, 'Cu': 15, 'Zn': 32, 'Class VIII': 64}",0.53125,"[[72, 0, 16, 9], [0, 10, 4, 1], [7, 0, 17, 8], [16, 0, 8, 40]]",,0.6618240366191186,0.53125,0.7422680412371134,"{'Mn': 0.7422680412371134, 'Cu': 0.6666666666666666, 'Zn': 0.53125, 'Class VIII': 0.625}","{'Mn': 97, 'Cu': 15, 'Zn': 32, 'Class VIII': 64}"
25,0.0001,0.20482987285155302,2.045328103870046,1.0,fixed,1.0,,0.908713672896976,0.9243023977919664,0.9322608113288879,0.908713672896976,0.9506493506493506,0.9322608113288879,0.908713672896976,0.9506493506493506,"[[536, 0, 0, 15], [0, 67, 0, 3], [22, 2, 132, 19], [18, 1, 0, 366]]",0.9571428571428572,0.9243023977919664,0.7542857142857143,0.9727767695099818,"{'Mn': 0.9727767695099818, 'Cu': 0.9571428571428572, 'Zn': 0.7542857142857143, 'Class VIII': 0.9506493506493506}","{'Mn': 551, 'Cu': 70, 'Zn': 175, 'Class VIII': 385}",0.7542857142857143,"[[536, 0, 0, 15], [0, 67, 0, 3], [22, 2, 132, 19], [18, 1, 0, 366]]",,0.9243023977919664,0.7542857142857143,0.9727767695099818,"{'Mn': 0.9727767695099818, 'Cu': 0.9571428571428572, 'Zn': 0.7542857142857143, 'Class VIII': 0.9506493506493506}","{'Mn': 551, 'Cu': 70, 'Zn': 175, 'Class VIII': 385}",,0.5722320661512027,0.6014222850856514,0.629807710647583,0.5722320661512027,0.609375,0.629807710647583,0.5722320661512027,0.609375,"[[74, 0, 13, 10], [1, 10, 4, 0], [11, 0, 8, 13], [19, 0, 6, 39]]",0.6666666666666666,0.6014222850856514,0.25,0.7628865979381443,"{'Mn': 0.7628865979381443, 'Cu': 0.6666666666666666, 'Zn': 0.25, 'Class VIII': 0.609375}","{'Mn': 97, 'Cu': 15, 'Zn': 32, 'Class VIII': 64}",0.25,"[[74, 0, 13, 10], [1, 10, 4, 0], [11, 0, 8, 13], [19, 0, 6, 39]]",,0.6014222850856514,0.25,0.7628865979381443,"{'Mn': 0.7628865979381443, 'Cu': 0.6666666666666666, 'Zn': 0.25, 'Class VIII': 0.609375}","{'Mn': 97, 'Cu': 15, 'Zn': 32, 'Class VIII': 64}"
26,0.0001,0.21648317960136557,1.8425059783756017,1.0,fixed,1.0,,0.9536512126711764,0.9589741431998456,0.9568162560462952,0.9536512126711764,0.9558441558441558,0.9568162560462952,0.9536512126711764,0.9558441558441558,"[[533, 0, 1, 17], [0, 68, 0, 2], [7, 1, 161, 6], [16, 1, 0, 368]]",0.9714285714285714,0.9589741431998456,0.92,0.9673321234119783,"{'Mn': 0.9673321234119783, 'Cu': 0.9714285714285714, 'Zn': 0.92, 'Class VIII': 0.9558441558441558}","{'Mn': 551, 'Cu': 70, 'Zn': 175, 'Class VIII': 385}",0.92,"[[533, 0, 1, 17], [0, 68, 0, 2], [7, 1, 161, 6], [16, 1, 0, 368]]",,0.9589741431998456,0.92,0.9673321234119783,"{'Mn': 0.9673321234119783, 'Cu': 0.9714285714285714, 'Zn': 0.92, 'Class VIII': 0.9558441558441558}","{'Mn': 551, 'Cu': 70, 'Zn': 175, 'Class VIII': 385}",,0.6399672465635738,0.6607093098472409,0.6634615659713745,0.6399672465635738,0.578125,0.6634615659713745,0.6399672465635738,0.578125,"[[73, 0, 15, 9], [1, 10, 4, 0], [8, 0, 18, 6], [19, 0, 8, 37]]",0.6666666666666666,0.6607093098472409,0.5625,0.7525773195876289,"{'Mn': 0.7525773195876289, 'Cu': 0.6666666666666666, 'Zn': 0.5625, 'Class VIII': 0.578125}","{'Mn': 97, 'Cu': 15, 'Zn': 32, 'Class VIII': 64}",0.5625,"[[73, 0, 15, 9], [1, 10, 4, 0], [8, 0, 18, 6], [19, 0, 8, 37]]",,0.6607093098472409,0.5625,0.7525773195876289,"{'Mn': 0.7525773195876289, 'Cu': 0.6666666666666666, 'Zn': 0.5625, 'Class VIII': 0.578125}","{'Mn': 97, 'Cu': 15, 'Zn': 32, 'Class VIII': 64}"
27,0.0001,0.20512797871197108,2.088739427585656,1.0,fixed,1.0,,0.9581966672166309,0.9625536051846038,0.9576629996299744,0.9581966672166309,0.9454545454545454,0.9576629996299744,0.9581966672166309,0.9454545454545454,"[[533, 0, 0, 18], [0, 68, 1, 1], [7, 0, 166, 2], [18, 1, 2, 364]]",0.9714285714285714,0.9625536051846038,0.9454545454545454,0.9673321234119783,"{'Mn': 0.9673321234119783, 'Cu': 0.9714285714285714, 'Zn': 0.9485714285714286, 'Class VIII': 0.9454545454545454}","{'Mn': 551, 'Cu': 70, 'Zn': 175, 'Class VIII': 385}",0.9485714285714286,"[[533, 0, 0, 18], [0, 68, 1, 1], [7, 0, 166, 2], [18, 1, 2, 364]]",,0.9625536051846038,0.9454545454545454,0.9673321234119783,"{'Mn': 0.9673321234119783, 'Cu': 0.9714285714285714, 'Zn': 0.9485714285714286, 'Class VIII': 0.9454545454545454}","{'Mn': 551, 'Cu': 70, 'Zn': 175, 'Class VIII': 385}",,0.6452829682130584,0.6617361680760299,0.6586538553237915,0.6452829682130584,0.609375,0.6586538553237915,0.6452829682130584,0.609375,"[[69, 0, 19, 9], [1, 10, 4, 0], [7, 0, 19, 6], [17, 0, 8, 39]]",0.6666666666666666,0.6617361680760299,0.59375,0.711340206185567,"{'Mn': 0.711340206185567, 'Cu': 0.6666666666666666, 'Zn': 0.59375, 'Class VIII': 0.609375}","{'Mn': 97, 'Cu': 15, 'Zn': 32, 'Class VIII': 64}",0.59375,"[[69, 0, 19, 9], [1, 10, 4, 0], [7, 0, 19, 6], [17, 0, 8, 39]]",,0.6617361680760299,0.59375,0.711340206185567,"{'Mn': 0.711340206185567, 'Cu': 0.6666666666666666, 'Zn': 0.59375, 'Class VIII': 0.609375}","{'Mn': 97, 'Cu': 15, 'Zn': 32, 'Class VIII': 64}"
28,0.0001,0.1830616033027606,2.2170266596994432,1.0,fixed,1.0,,0.9547468593112877,0.9583768743241275,0.9585097432136536,0.9547468593112877,0.922077922077922,0.9585097432136536,0.9547468593112877,0.922077922077922,"[[543, 0, 2, 6], [0, 67, 1, 2], [5, 0, 167, 3], [24, 2, 4, 355]]",0.9571428571428572,0.9583768743241275,0.922077922077922,0.985480943738657,"{'Mn': 0.985480943738657, 'Cu': 0.9571428571428572, 'Zn': 0.9542857142857143, 'Class VIII': 0.922077922077922}","{'Mn': 551, 'Cu': 70, 'Zn': 175, 'Class VIII': 385}",0.9542857142857143,"[[543, 0, 2, 6], [0, 67, 1, 2], [5, 0, 167, 3], [24, 2, 4, 355]]",,0.9583768743241275,0.922077922077922,0.985480943738657,"{'Mn': 0.985480943738657, 'Cu': 0.9571428571428572, 'Zn': 0.9542857142857143, 'Class VIII': 0.922077922077922}","{'Mn': 551, 'Cu': 70, 'Zn': 175, 'Class VIII': 385}",,0.6439540378006873,0.6609529104941949,0.6538461446762085,0.6439540378006873,0.5625,0.6538461446762085,0.6439540378006873,0.5625,"[[70, 0, 20, 7], [1, 10, 4, 0], [10, 0, 20, 2], [20, 0, 8, 36]]",0.6666666666666666,0.6609529104941949,0.5625,0.7216494845360825,"{'Mn': 0.7216494845360825, 'Cu': 0.6666666666666666, 'Zn': 0.625, 'Class VIII': 0.5625}","{'Mn': 97, 'Cu': 15, 'Zn': 32, 'Class VIII': 64}",0.625,"[[70, 0, 20, 7], [1, 10, 4, 0], [10, 0, 20, 2], [20, 0, 8, 36]]",,0.6609529104941949,0.5625,0.7216494845360825,"{'Mn': 0.7216494845360825, 'Cu': 0.6666666666666666, 'Zn': 0.625, 'Class VIII': 0.5625}","{'Mn': 97, 'Cu': 15, 'Zn': 32, 'Class VIII': 64}"
29,0.0001,0.18096655015894636,1.9827870833329284,1.0,fixed,1.0,,0.958918377448323,0.9551603255022144,0.9542760252952576,0.958918377448323,0.9532467532467532,0.9542760252952576,0.958918377448323,0.9532467532467532,"[[524, 0, 4, 23], [0, 68, 0, 2], [3, 1, 168, 3], [10, 2, 6, 367]]",0.9714285714285714,0.9551603255022144,0.9509981851179673,0.9509981851179673,"{'Mn': 0.9509981851179673, 'Cu': 0.9714285714285714, 'Zn': 0.96, 'Class VIII': 0.9532467532467532}","{'Mn': 551, 'Cu': 70, 'Zn': 175, 'Class VIII': 385}",0.96,"[[524, 0, 4, 23], [0, 68, 0, 2], [3, 1, 168, 3], [10, 2, 6, 367]]",,0.9551603255022144,0.9509981851179673,0.9509981851179673,"{'Mn': 0.9509981851179673, 'Cu': 0.9714285714285714, 'Zn': 0.96, 'Class VIII': 0.9532467532467532}","{'Mn': 551, 'Cu': 70, 'Zn': 175, 'Class VIII': 385}",,0.6971058848797251,0.6917195712855664,0.682692289352417,0.6971058848797251,0.59375,0.682692289352417,0.6971058848797251,0.59375,"[[69, 0, 20, 8], [0, 11, 4, 0], [5, 0, 24, 3], [17, 1, 8, 38]]",0.7333333333333333,0.6917195712855664,0.59375,0.711340206185567,"{'Mn': 0.711340206185567, 'Cu': 0.7333333333333333, 'Zn': 0.75, 'Class VIII': 0.59375}","{'Mn': 97, 'Cu': 15, 'Zn': 32, 'Class VIII': 64}",0.75,"[[69, 0, 20, 8], [0, 11, 4, 0], [5, 0, 24, 3], [17, 1, 8, 38]]",,0.6917195712855664,0.59375,0.711340206185567,"{'Mn': 0.711340206185567, 'Cu': 0.7333333333333333, 'Zn': 0.75, 'Class VIII': 0.59375}","{'Mn': 97, 'Cu': 15, 'Zn': 32, 'Class VIII': 64}"
30,0.0001,0.1569799505225485,2.011918571267205,1.0,fixed,1.0,,0.9664434204633842,0.9643702938725051,0.9635902047157288,0.9664434204633842,0.9584415584415584,0.9635902047157288,0.9664434204633842,0.9584415584415584,"[[533, 0, 1, 17], [0, 69, 0, 1], [4, 1, 167, 3], [10, 2, 4, 369]]",0.9857142857142858,0.9643702938725051,0.9542857142857143,0.9673321234119783,"{'Mn': 0.9673321234119783, 'Cu': 0.9857142857142858, 'Zn': 0.9542857142857143, 'Class VIII': 0.9584415584415584}","{'Mn': 551, 'Cu': 70, 'Zn': 175, 'Class VIII': 385}",0.9542857142857143,"[[533, 0, 1, 17], [0, 69, 0, 1], [4, 1, 167, 3], [10, 2, 4, 369]]",,0.9643702938725051,0.9542857142857143,0.9673321234119783,"{'Mn': 0.9673321234119783, 'Cu': 0.9857142857142858, 'Zn': 0.9542857142857143, 'Class VIII': 0.9584415584415584}","{'Mn': 551, 'Cu': 70, 'Zn': 175, 'Class VIII': 385}",,0.6553855240549828,0.6704497742379818,0.6634615659713745,0.6553855240549828,0.59375,0.6634615659713745,0.6553855240549828,0.59375,"[[71, 0, 20, 6], [0, 11, 4, 0], [7, 0, 18, 7], [18, 0, 8, 38]]",0.7333333333333333,0.6704497742379818,0.5625,0.7319587628865979,"{'Mn': 0.7319587628865979, 'Cu': 0.7333333333333333, 'Zn': 0.5625, 'Class VIII': 0.59375}","{'Mn': 97, 'Cu': 15, 'Zn': 32, 'Class VIII': 64}",0.5625,"[[71, 0, 20, 6], [0, 11, 4, 0], [7, 0, 18, 7], [18, 0, 8, 38]]",,0.6704497742379818,0.5625,0.7319587628865979,"{'Mn': 0.7319587628865979, 'Cu': 0.7333333333333333, 'Zn': 0.5625, 'Class VIII': 0.59375}","{'Mn': 97, 'Cu': 15, 'Zn': 32, 'Class VIII': 64}"
31,0.0001,0.18133212486945677,2.4885385984559365,1.0,fixed,1.0,,0.9593071628915549,0.9612489370600398,0.9618967175483704,0.9593071628915549,0.9844155844155844,0.9618967175483704,0.9593071628915549,0.9844155844155844,"[[525, 0, 3, 23], [0, 67, 2, 1], [6, 0, 165, 4], [2, 1, 3, 379]]",0.9571428571428572,0.9612489370600398,0.9428571428571428,0.9528130671506352,"{'Mn': 0.9528130671506352, 'Cu': 0.9571428571428572, 'Zn': 0.9428571428571428, 'Class VIII': 0.9844155844155844}","{'Mn': 551, 'Cu': 70, 'Zn': 175, 'Class VIII': 385}",0.9428571428571428,"[[525, 0, 3, 23], [0, 67, 2, 1], [6, 0, 165, 4], [2, 1, 3, 379]]",,0.9612489370600398,0.9428571428571428,0.9528130671506352,"{'Mn': 0.9528130671506352, 'Cu': 0.9571428571428572, 'Zn': 0.9428571428571428, 'Class VIII': 0.9844155844155844}","{'Mn': 551, 'Cu': 70, 'Zn': 175, 'Class VIII': 385}",,0.6984348152920962,0.6975599938473612,0.682692289352417,0.6984348152920962,0.609375,0.682692289352417,0.6984348152920962,0.609375,"[[68, 0, 20, 9], [0, 11, 4, 0], [1, 0, 24, 7], [17, 0, 8, 39]]",0.7333333333333333,0.6975599938473612,0.609375,0.7010309278350515,"{'Mn': 0.7010309278350515, 'Cu': 0.7333333333333333, 'Zn': 0.75, 'Class VIII': 0.609375}","{'Mn': 97, 'Cu': 15, 'Zn': 32, 'Class VIII': 64}",0.75,"[[68, 0, 20, 9], [0, 11, 4, 0], [1, 0, 24, 7], [17, 0, 8, 39]]",,0.6975599938473612,0.609375,0.7010309278350515,"{'Mn': 0.7010309278350515, 'Cu': 0.7333333333333333, 'Zn': 0.75, 'Class VIII': 0.609375}","{'Mn': 97, 'Cu': 15, 'Zn': 32, 'Class VIII': 64}"
32,0.0001,0.1711672788248531,2.3510623498967527,1.0,fixed,1.0,,0.961001249204516,0.9627052931789293,0.9585097432136536,0.961001249204516,0.9896103896103896,0.9585097432136536,0.961001249204516,0.9896103896103896,"[[518, 0, 1, 32], [0, 68, 1, 1], [4, 0, 165, 6], [2, 1, 1, 381]]",0.9714285714285714,0.9627052931789293,0.9401088929219601,0.9401088929219601,"{'Mn': 0.9401088929219601, 'Cu': 0.9714285714285714, 'Zn': 0.9428571428571428, 'Class VIII': 0.9896103896103896}","{'Mn': 551, 'Cu': 70, 'Zn': 175, 'Class VIII': 385}",0.9428571428571428,"[[518, 0, 1, 32], [0, 68, 1, 1], [4, 0, 165, 6], [2, 1, 1, 381]]",,0.9627052931789293,0.9401088929219601,0.9401088929219601,"{'Mn': 0.9401088929219601, 'Cu': 0.9714285714285714, 'Zn': 0.9428571428571428, 'Class VIII': 0.9896103896103896}","{'Mn': 551, 'Cu': 70, 'Zn': 175, 'Class VIII': 385}",,0.6621107173539519,0.6705141207676705,0.6586538553237915,0.6621107173539519,0.703125,0.6586538553237915,0.6621107173539519,0.703125,"[[63, 0, 19, 15], [0, 11, 4, 0], [2, 0, 18, 12], [12, 0, 7, 45]]",0.7333333333333333,0.6705141207676705,0.5625,0.6494845360824743,"{'Mn': 0.6494845360824743, 'Cu': 0.7333333333333333, 'Zn': 0.5625, 'Class VIII': 0.703125}","{'Mn': 97, 'Cu': 15, 'Zn': 32, 'Class VIII': 64}",0.5625,"[[63, 0, 19, 15], [0, 11, 4, 0], [2, 0, 18, 12], [12, 0, 7, 45]]",,0.6705141207676705,0.5625,0.6494845360824743,"{'Mn': 0.6494845360824743, 'Cu': 0.7333333333333333, 'Zn': 0.5625, 'Class VIII': 0.703125}","{'Mn': 97, 'Cu': 15, 'Zn': 32, 'Class VIII': 64}"
33,0.0001,0.1639126307016193,2.4625014007324353,1.0,fixed,1.0,,0.9601405944327904,0.9672648663241811,0.9652836322784424,0.9601405944327904,0.9584415584415584,0.9652836322784424,0.9601405944327904,0.9584415584415584,"[[538, 0, 0, 13], [0, 67, 1, 2], [5, 0, 166, 4], [14, 0, 2, 369]]",0.9571428571428572,0.9672648663241811,0.9485714285714286,0.9764065335753176,"{'Mn': 0.9764065335753176, 'Cu': 0.9571428571428572, 'Zn': 0.9485714285714286, 'Class VIII': 0.9584415584415584}","{'Mn': 551, 'Cu': 70, 'Zn': 175, 'Class VIII': 385}",0.9485714285714286,"[[538, 0, 0, 13], [0, 67, 1, 2], [5, 0, 166, 4], [14, 0, 2, 369]]",,0.9672648663241811,0.9485714285714286,0.9764065335753176,"{'Mn': 0.9764065335753176, 'Cu': 0.9571428571428572, 'Zn': 0.9485714285714286, 'Class VIII': 0.9584415584415584}","{'Mn': 551, 'Cu': 70, 'Zn': 175, 'Class VIII': 385}",,0.6400477878006873,0.6592066960959051,0.6586538553237915,0.6400477878006873,0.609375,0.6586538553237915,0.6400477878006873,0.609375,"[[70, 0, 20, 7], [1, 10, 4, 0], [8, 0, 18, 6], [17, 0, 8, 39]]",0.6666666666666666,0.6592066960959051,0.5625,0.7216494845360825,"{'Mn': 0.7216494845360825, 'Cu': 0.6666666666666666, 'Zn': 0.5625, 'Class VIII': 0.609375}","{'Mn': 97, 'Cu': 15, 'Zn': 32, 'Class VIII': 64}",0.5625,"[[70, 0, 20, 7], [1, 10, 4, 0], [8, 0, 18, 6], [17, 0, 8, 39]]",,0.6592066960959051,0.5625,0.7216494845360825,"{'Mn': 0.7216494845360825, 'Cu': 0.6666666666666666, 'Zn': 0.5625, 'Class VIII': 0.609375}","{'Mn': 97, 'Cu': 15, 'Zn': 32, 'Class VIII': 64}"
34,0.0001,0.17590049662745466,2.2221726063603104,1.0,fixed,1.0,,0.9668913663469018,0.9707488041193418,0.972057580947876,0.9668913663469018,0.9714285714285714,0.972057580947876,0.9668913663469018,0.9714285714285714,"[[541, 0, 0, 10], [0, 68, 1, 1], [6, 0, 165, 4], [9, 2, 0, 374]]",0.9714285714285714,0.9707488041193418,0.9428571428571428,0.9818511796733213,"{'Mn': 0.9818511796733213, 'Cu': 0.9714285714285714, 'Zn': 0.9428571428571428, 'Class VIII': 0.9714285714285714}","{'Mn': 551, 'Cu': 70, 'Zn': 175, 'Class VIII': 385}",0.9428571428571428,"[[541, 0, 0, 10], [0, 68, 1, 1], [6, 0, 165, 4], [9, 2, 0, 374]]",,0.9707488041193418,0.9428571428571428,0.9818511796733213,"{'Mn': 0.9818511796733213, 'Cu': 0.9714285714285714, 'Zn': 0.9428571428571428, 'Class VIII': 0.9714285714285714}","{'Mn': 551, 'Cu': 70, 'Zn': 175, 'Class VIII': 385}",,0.6346058848797251,0.6531216323257402,0.6490384340286255,0.6346058848797251,0.625,0.6490384340286255,0.6346058848797251,0.625,"[[69, 0, 19, 9], [0, 11, 4, 0], [7, 0, 15, 10], [17, 0, 7, 40]]",0.7333333333333333,0.6531216323257402,0.46875,0.711340206185567,"{'Mn': 0.711340206185567, 'Cu': 0.7333333333333333, 'Zn': 0.46875, 'Class VIII': 0.625}","{'Mn': 97, 'Cu': 15, 'Zn': 32, 'Class VIII': 64}",0.46875,"[[69, 0, 19, 9], [0, 11, 4, 0], [7, 0, 15, 10], [17, 0, 7, 40]]",,0.6531216323257402,0.46875,0.711340206185567,"{'Mn': 0.711340206185567, 'Cu': 0.7333333333333333, 'Zn': 0.46875, 'Class VIII': 0.625}","{'Mn': 97, 'Cu': 15, 'Zn': 32, 'Class VIII': 64}"
35,0.0001,0.1724750372639244,2.521860037870423,1.0,fixed,1.0,,0.9598841539585641,0.9674702120793603,0.9669771194458008,0.9598841539585641,0.9818181818181818,0.9669771194458008,0.9598841539585641,0.9818181818181818,"[[534, 0, 0, 17], [0, 67, 1, 2], [6, 0, 163, 6], [6, 0, 1, 378]]",0.9571428571428572,0.9674702120793603,0.9314285714285714,0.969147005444646,"{'Mn': 0.969147005444646, 'Cu': 0.9571428571428572, 'Zn': 0.9314285714285714, 'Class VIII': 0.9818181818181818}","{'Mn': 551, 'Cu': 70, 'Zn': 175, 'Class VIII': 385}",0.9314285714285714,"[[534, 0, 0, 17], [0, 67, 1, 2], [6, 0, 163, 6], [6, 0, 1, 378]]",,0.9674702120793603,0.9314285714285714,0.969147005444646,"{'Mn': 0.969147005444646, 'Cu': 0.9571428571428572, 'Zn': 0.9314285714285714, 'Class VIII': 0.9818181818181818}","{'Mn': 551, 'Cu': 70, 'Zn': 175, 'Class VIII': 385}",,0.6286163015463917,0.6488332189430336,0.6586538553237915,0.6286163015463917,0.640625,0.6586538553237915,0.6286163015463917,0.640625,"[[69, 0, 19, 9], [0, 9, 4, 2], [6, 0, 18, 8], [16, 0, 7, 41]]",0.6,0.6488332189430336,0.5625,0.711340206185567,"{'Mn': 0.711340206185567, 'Cu': 0.6, 'Zn': 0.5625, 'Class VIII': 0.640625}","{'Mn': 97, 'Cu': 15, 'Zn': 32, 'Class VIII': 64}",0.5625,"[[69, 0, 19, 9], [0, 9, 4, 2], [6, 0, 18, 8], [16, 0, 7, 41]]",,0.6488332189430336,0.5625,0.711340206185567,"{'Mn': 0.711340206185567, 'Cu': 0.6, 'Zn': 0.5625, 'Class VIII': 0.640625}","{'Mn': 97, 'Cu': 15, 'Zn': 32, 'Class VIII': 64}"
36,0.0001,0.15769510299646386,2.3444193216139237,1.0,fixed,1.0,,0.967741296815707,0.9708758353451634,0.9703640937805176,0.967741296815707,0.9818181818181818,0.9703640937805176,0.967741296815707,0.9818181818181818,"[[534, 0, 0, 17], [0, 68, 1, 1], [7, 0, 166, 2], [4, 1, 2, 378]]",0.9714285714285714,0.9708758353451634,0.9485714285714286,0.969147005444646,"{'Mn': 0.969147005444646, 'Cu': 0.9714285714285714, 'Zn': 0.9485714285714286, 'Class VIII': 0.9818181818181818}","{'Mn': 551, 'Cu': 70, 'Zn': 175, 'Class VIII': 385}",0.9485714285714286,"[[534, 0, 0, 17], [0, 68, 1, 1], [7, 0, 166, 2], [4, 1, 2, 378]]",,0.9708758353451634,0.9485714285714286,0.969147005444646,"{'Mn': 0.969147005444646, 'Cu': 0.9714285714285714, 'Zn': 0.9485714285714286, 'Class VIII': 0.9818181818181818}","{'Mn': 551, 'Cu': 70, 'Zn': 175, 'Class VIII': 385}",,0.6386383161512027,0.6615366499351643,0.6682692170143127,0.6386383161512027,0.59375,0.6682692170143127,0.6386383161512027,0.59375,"[[74, 0, 16, 7], [1, 10, 4, 0], [9, 0, 17, 6], [18, 0, 8, 38]]",0.6666666666666666,0.6615366499351643,0.53125,0.7628865979381443,"{'Mn': 0.7628865979381443, 'Cu': 0.6666666666666666, 'Zn': 0.53125, 'Class VIII': 0.59375}","{'Mn': 97, 'Cu': 15, 'Zn': 32, 'Class VIII': 64}",0.53125,"[[74, 0, 16, 7], [1, 10, 4, 0], [9, 0, 17, 6], [18, 0, 8, 38]]",,0.6615366499351643,0.53125,0.7628865979381443,"{'Mn': 0.7628865979381443, 'Cu': 0.6666666666666666, 'Zn': 0.53125, 'Class VIII': 0.59375}","{'Mn': 97, 'Cu': 15, 'Zn': 32, 'Class VIII': 64}"
37,0.0001,0.14744883652072013,2.0968241936889873,1.0,fixed,1.0,,0.9691698682442784,0.9726444974314614,0.9712108373641968,0.9691698682442784,0.9818181818181818,0.9712108373641968,0.9691698682442784,0.9818181818181818,"[[534, 0, 0, 17], [0, 68, 1, 1], [4, 0, 167, 4], [6, 1, 0, 378]]",0.9714285714285714,0.9726444974314614,0.9542857142857143,0.969147005444646,"{'Mn': 0.969147005444646, 'Cu': 0.9714285714285714, 'Zn': 0.9542857142857143, 'Class VIII': 0.9818181818181818}","{'Mn': 551, 'Cu': 70, 'Zn': 175, 'Class VIII': 385}",0.9542857142857143,"[[534, 0, 0, 17], [0, 68, 1, 1], [4, 0, 167, 4], [6, 1, 0, 378]]",,0.9726444974314614,0.9542857142857143,0.969147005444646,"{'Mn': 0.969147005444646, 'Cu': 0.9714285714285714, 'Zn': 0.9542857142857143, 'Class VIII': 0.9818181818181818}","{'Mn': 551, 'Cu': 70, 'Zn': 175, 'Class VIII': 385}",,0.6646074957044673,0.6751398678227947,0.6634615659713745,0.6646074957044673,0.640625,0.6634615659713745,0.6646074957044673,0.640625,"[[67, 0, 20, 10], [0, 11, 4, 0], [5, 0, 19, 8], [16, 0, 7, 41]]",0.7333333333333333,0.6751398678227947,0.59375,0.6907216494845361,"{'Mn': 0.6907216494845361, 'Cu': 0.7333333333333333, 'Zn': 0.59375, 'Class VIII': 0.640625}","{'Mn': 97, 'Cu': 15, 'Zn': 32, 'Class VIII': 64}",0.59375,"[[67, 0, 20, 10], [0, 11, 4, 0], [5, 0, 19, 8], [16, 0, 7, 41]]",,0.6751398678227947,0.59375,0.6907216494845361,"{'Mn': 0.6907216494845361, 'Cu': 0.7333333333333333, 'Zn': 0.59375, 'Class VIII': 0.640625}","{'Mn': 97, 'Cu': 15, 'Zn': 32, 'Class VIII': 64}"
38,0.0001,0.1566421707492417,2.149498412777365,1.0,fixed,1.0,,0.9711203950314659,0.9721322960494442,0.9712108373641968,0.9711203950314659,0.9922077922077922,0.9712108373641968,0.9711203950314659,0.9922077922077922,"[[531, 0, 0, 20], [0, 69, 0, 1], [3, 1, 165, 6], [2, 1, 0, 382]]",0.9857142857142858,0.9721322960494442,0.9428571428571428,0.9637023593466425,"{'Mn': 0.9637023593466425, 'Cu': 0.9857142857142858, 'Zn': 0.9428571428571428, 'Class VIII': 0.9922077922077922}","{'Mn': 551, 'Cu': 70, 'Zn': 175, 'Class VIII': 385}",0.9428571428571428,"[[531, 0, 0, 20], [0, 69, 0, 1], [3, 1, 165, 6], [2, 1, 0, 382]]",,0.9721322960494442,0.9428571428571428,0.9637023593466425,"{'Mn': 0.9637023593466425, 'Cu': 0.9857142857142858, 'Zn': 0.9428571428571428, 'Class VIII': 0.9922077922077922}","{'Mn': 551, 'Cu': 70, 'Zn': 175, 'Class VIII': 385}",,0.6542176761168385,0.6381216361803388,0.6586538553237915,0.6542176761168385,0.671875,0.6586538553237915,0.6542176761168385,0.671875,"[[66, 0, 19, 12], [0, 11, 4, 0], [0, 5, 17, 10], [14, 0, 7, 43]]",0.7333333333333333,0.6381216361803388,0.53125,0.6804123711340206,"{'Mn': 0.6804123711340206, 'Cu': 0.7333333333333333, 'Zn': 0.53125, 'Class VIII': 0.671875}","{'Mn': 97, 'Cu': 15, 'Zn': 32, 'Class VIII': 64}",0.53125,"[[66, 0, 19, 12], [0, 11, 4, 0], [0, 5, 17, 10], [14, 0, 7, 43]]",,0.6381216361803388,0.53125,0.6804123711340206,"{'Mn': 0.6804123711340206, 'Cu': 0.7333333333333333, 'Zn': 0.53125, 'Class VIII': 0.671875}","{'Mn': 97, 'Cu': 15, 'Zn': 32, 'Class VIII': 64}"
39,0.0001,0.13287139217951532,2.3234196151069435,1.0,fixed,1.0,,0.9728111815589129,0.9698471826487535,0.9703640937805176,0.9728111815589129,0.9844155844155844,0.9703640937805176,0.9728111815589129,0.9844155844155844,"[[528, 0, 3, 20], [0, 68, 1, 1], [2, 0, 171, 2], [1, 2, 3, 379]]",0.9714285714285714,0.9698471826487535,0.9582577132486388,0.9582577132486388,"{'Mn': 0.9582577132486388, 'Cu': 0.9714285714285714, 'Zn': 0.9771428571428571, 'Class VIII': 0.9844155844155844}","{'Mn': 551, 'Cu': 70, 'Zn': 175, 'Class VIII': 385}",0.9771428571428571,"[[528, 0, 3, 20], [0, 68, 1, 1], [2, 0, 171, 2], [1, 2, 3, 379]]",,0.9698471826487535,0.9582577132486388,0.9582577132486388,"{'Mn': 0.9582577132486388, 'Cu': 0.9714285714285714, 'Zn': 0.9771428571428571, 'Class VIII': 0.9844155844155844}","{'Mn': 551, 'Cu': 70, 'Zn': 175, 'Class VIII': 385}",,0.6907028565292096,0.6622951406790234,0.6730769276618958,0.6907028565292096,0.640625,0.6730769276618958,0.6907028565292096,0.640625,"[[65, 3, 19, 10], [0, 11, 4, 0], [0, 2, 23, 7], [14, 0, 9, 41]]",0.7333333333333333,0.6622951406790234,0.640625,0.6701030927835051,"{'Mn': 0.6701030927835051, 'Cu': 0.7333333333333333, 'Zn': 0.71875, 'Class VIII': 0.640625}","{'Mn': 97, 'Cu': 15, 'Zn': 32, 'Class VIII': 64}",0.71875,"[[65, 3, 19, 10], [0, 11, 4, 0], [0, 2, 23, 7], [14, 0, 9, 41]]",,0.6622951406790234,0.640625,0.6701030927835051,"{'Mn': 0.6701030927835051, 'Cu': 0.7333333333333333, 'Zn': 0.71875, 'Class VIII': 0.640625}","{'Mn': 97, 'Cu': 15, 'Zn': 32, 'Class VIII': 64}"
40,0.0001,0.15737306460865463,2.285411203742954,1.0,fixed,1.0,,0.9701447191646828,0.97035900020348,0.9712108373641968,0.9701447191646828,0.9818181818181818,0.9712108373641968,0.9701447191646828,0.9818181818181818,"[[533, 0, 1, 17], [0, 68, 1, 1], [5, 0, 168, 2], [3, 2, 2, 378]]",0.9714285714285714,0.97035900020348,0.96,0.9673321234119783,"{'Mn': 0.9673321234119783, 'Cu': 0.9714285714285714, 'Zn': 0.96, 'Class VIII': 0.9818181818181818}","{'Mn': 551, 'Cu': 70, 'Zn': 175, 'Class VIII': 385}",0.96,"[[533, 0, 1, 17], [0, 68, 1, 1], [5, 0, 168, 2], [3, 2, 2, 378]]",,0.97035900020348,0.96,0.9673321234119783,"{'Mn': 0.9673321234119783, 'Cu': 0.9714285714285714, 'Zn': 0.96, 'Class VIII': 0.9818181818181818}","{'Mn': 551, 'Cu': 70, 'Zn': 175, 'Class VIII': 385}",,0.6219260094501718,0.6399786527514232,0.6346153616905212,0.6219260094501718,0.609375,0.6346153616905212,0.6219260094501718,0.609375,"[[66, 0, 20, 11], [0, 10, 4, 1], [6, 0, 17, 9], [18, 0, 7, 39]]",0.6666666666666666,0.6399786527514232,0.53125,0.6804123711340206,"{'Mn': 0.6804123711340206, 'Cu': 0.6666666666666666, 'Zn': 0.53125, 'Class VIII': 0.609375}","{'Mn': 97, 'Cu': 15, 'Zn': 32, 'Class VIII': 64}",0.53125,"[[66, 0, 20, 11], [0, 10, 4, 1], [6, 0, 17, 9], [18, 0, 7, 39]]",,0.6399786527514232,0.53125,0.6804123711340206,"{'Mn': 0.6804123711340206, 'Cu': 0.6666666666666666, 'Zn': 0.53125, 'Class VIII': 0.609375}","{'Mn': 97, 'Cu': 15, 'Zn': 32, 'Class VIII': 64}"
41,0.0001,0.11451029070062882,2.5914724268141773,1.0,fixed,1.0,,0.9717015108303675,0.9743926948081646,0.9737510681152344,0.9717015108303675,0.9844155844155844,0.9737510681152344,0.9717015108303675,0.9844155844155844,"[[535, 0, 1, 15], [0, 68, 1, 1], [4, 0, 168, 3], [5, 1, 0, 379]]",0.9714285714285714,0.9743926948081646,0.96,0.9709618874773139,"{'Mn': 0.9709618874773139, 'Cu': 0.9714285714285714, 'Zn': 0.96, 'Class VIII': 0.9844155844155844}","{'Mn': 551, 'Cu': 70, 'Zn': 175, 'Class VIII': 385}",0.96,"[[535, 0, 1, 15], [0, 68, 1, 1], [4, 0, 168, 3], [5, 1, 0, 379]]",,0.9743926948081646,0.96,0.9709618874773139,"{'Mn': 0.9709618874773139, 'Cu': 0.9714285714285714, 'Zn': 0.96, 'Class VIII': 0.9844155844155844}","{'Mn': 551, 'Cu': 70, 'Zn': 175, 'Class VIII': 385}",,0.6102072594501718,0.6319500716185799,0.6394230723381042,0.6102072594501718,0.6875,0.6394230723381042,0.6102072594501718,0.6875,"[[66, 0, 19, 12], [0, 10, 4, 1], [5, 0, 13, 14], [13, 0, 7, 44]]",0.6666666666666666,0.6319500716185799,0.40625,0.6804123711340206,"{'Mn': 0.6804123711340206, 'Cu': 0.6666666666666666, 'Zn': 0.40625, 'Class VIII': 0.6875}","{'Mn': 97, 'Cu': 15, 'Zn': 32, 'Class VIII': 64}",0.40625,"[[66, 0, 19, 12], [0, 10, 4, 1], [5, 0, 13, 14], [13, 0, 7, 44]]",,0.6319500716185799,0.40625,0.6804123711340206,"{'Mn': 0.6804123711340206, 'Cu': 0.6666666666666666, 'Zn': 0.40625, 'Class VIII': 0.6875}","{'Mn': 97, 'Cu': 15, 'Zn': 32, 'Class VIII': 64}"
42,0.0001,0.13122735664691193,2.689427348607121,1.0,fixed,1.0,,0.928261602281566,0.9391101276217265,0.9432684183120728,0.928261602281566,0.9714285714285714,0.9432684183120728,0.928261602281566,0.9714285714285714,"[[533, 0, 0, 18], [0, 69, 0, 1], [10, 1, 138, 26], [10, 1, 0, 374]]",0.9857142857142858,0.9391101276217265,0.7885714285714286,0.9673321234119783,"{'Mn': 0.9673321234119783, 'Cu': 0.9857142857142858, 'Zn': 0.7885714285714286, 'Class VIII': 0.9714285714285714}","{'Mn': 551, 'Cu': 70, 'Zn': 175, 'Class VIII': 385}",0.7885714285714286,"[[533, 0, 0, 18], [0, 69, 0, 1], [10, 1, 138, 26], [10, 1, 0, 374]]",,0.9391101276217265,0.7885714285714286,0.9673321234119783,"{'Mn': 0.9673321234119783, 'Cu': 0.9857142857142858, 'Zn': 0.7885714285714286, 'Class VIII': 0.9714285714285714}","{'Mn': 551, 'Cu': 70, 'Zn': 175, 'Class VIII': 385}",,0.582092998281787,0.5881318536516384,0.6682692170143127,0.582092998281787,0.625,0.6682692170143127,0.582092998281787,0.625,"[[85, 0, 0, 12], [0, 11, 3, 1], [11, 1, 3, 17], [22, 0, 2, 40]]",0.7333333333333333,0.5881318536516384,0.09375,0.8762886597938144,"{'Mn': 0.8762886597938144, 'Cu': 0.7333333333333333, 'Zn': 0.09375, 'Class VIII': 0.625}","{'Mn': 97, 'Cu': 15, 'Zn': 32, 'Class VIII': 64}",0.09375,"[[85, 0, 0, 12], [0, 11, 3, 1], [11, 1, 3, 17], [22, 0, 2, 40]]",,0.5881318536516384,0.09375,0.8762886597938144,"{'Mn': 0.8762886597938144, 'Cu': 0.7333333333333333, 'Zn': 0.09375, 'Class VIII': 0.625}","{'Mn': 97, 'Cu': 15, 'Zn': 32, 'Class VIII': 64}"
43,0.0001,0.1707924376159486,2.387433598960902,1.0,fixed,1.0,,0.9729270276003489,0.9776841102436811,0.979678213596344,0.9729270276003489,0.974025974025974,0.979678213596344,0.9729270276003489,0.974025974025974,"[[545, 0, 0, 6], [0, 67, 1, 2], [5, 0, 170, 0], [6, 0, 4, 375]]",0.9571428571428572,0.9776841102436811,0.9571428571428572,0.9891107078039928,"{'Mn': 0.9891107078039928, 'Cu': 0.9571428571428572, 'Zn': 0.9714285714285714, 'Class VIII': 0.974025974025974}","{'Mn': 551, 'Cu': 70, 'Zn': 175, 'Class VIII': 385}",0.9714285714285714,"[[545, 0, 0, 6], [0, 67, 1, 2], [5, 0, 170, 0], [6, 0, 4, 375]]",,0.9776841102436811,0.9571428571428572,0.9891107078039928,"{'Mn': 0.9891107078039928, 'Cu': 0.9571428571428572, 'Zn': 0.9714285714285714, 'Class VIII': 0.974025974025974}","{'Mn': 551, 'Cu': 70, 'Zn': 175, 'Class VIII': 385}",,0.6737489261168385,0.6816445367554336,0.6682692170143127,0.6737489261168385,0.65625,0.6682692170143127,0.6737489261168385,0.65625,"[[66, 0, 21, 10], [0, 11, 4, 0], [6, 0, 20, 6], [14, 0, 8, 42]]",0.7333333333333333,0.6816445367554336,0.625,0.6804123711340206,"{'Mn': 0.6804123711340206, 'Cu': 0.7333333333333333, 'Zn': 0.625, 'Class VIII': 0.65625}","{'Mn': 97, 'Cu': 15, 'Zn': 32, 'Class VIII': 64}",0.625,"[[66, 0, 21, 10], [0, 11, 4, 0], [6, 0, 20, 6], [14, 0, 8, 42]]",,0.6816445367554336,0.625,0.6804123711340206,"{'Mn': 0.6804123711340206, 'Cu': 0.7333333333333333, 'Zn': 0.625, 'Class VIII': 0.65625}","{'Mn': 97, 'Cu': 15, 'Zn': 32, 'Class VIII': 64}"
44,0.0001,0.12532125971645386,2.5749826539339176,1.0,fixed,1.0,,0.9673492115869611,0.9695135783234126,0.96782386302948,0.9673492115869611,0.9662337662337662,0.96782386302948,0.9673492115869611,0.9662337662337662,"[[537, 0, 0, 14], [0, 69, 0, 1], [5, 1, 165, 4], [11, 1, 1, 372]]",0.9857142857142858,0.9695135783234126,0.9428571428571428,0.9745916515426497,"{'Mn': 0.9745916515426497, 'Cu': 0.9857142857142858, 'Zn': 0.9428571428571428, 'Class VIII': 0.9662337662337662}","{'Mn': 551, 'Cu': 70, 'Zn': 175, 'Class VIII': 385}",0.9428571428571428,"[[537, 0, 0, 14], [0, 69, 0, 1], [5, 1, 165, 4], [11, 1, 1, 372]]",,0.9695135783234126,0.9428571428571428,0.9745916515426497,"{'Mn': 0.9745916515426497, 'Cu': 0.9857142857142858, 'Zn': 0.9428571428571428, 'Class VIII': 0.9662337662337662}","{'Mn': 551, 'Cu': 70, 'Zn': 175, 'Class VIII': 385}",,0.6331964132302406,0.6367890720002208,0.6538461446762085,0.6331964132302406,0.578125,0.6538461446762085,0.6331964132302406,0.578125,"[[73, 2, 17, 5], [0, 11, 4, 0], [9, 1, 15, 7], [20, 0, 7, 37]]",0.7333333333333333,0.6367890720002208,0.46875,0.7525773195876289,"{'Mn': 0.7525773195876289, 'Cu': 0.7333333333333333, 'Zn': 0.46875, 'Class VIII': 0.578125}","{'Mn': 97, 'Cu': 15, 'Zn': 32, 'Class VIII': 64}",0.46875,"[[73, 2, 17, 5], [0, 11, 4, 0], [9, 1, 15, 7], [20, 0, 7, 37]]",,0.6367890720002208,0.46875,0.7525773195876289,"{'Mn': 0.7525773195876289, 'Cu': 0.7333333333333333, 'Zn': 0.46875, 'Class VIII': 0.578125}","{'Mn': 97, 'Cu': 15, 'Zn': 32, 'Class VIII': 64}"
45,0.0001,0.1476552893887807,2.62943064344626,1.0,fixed,1.0,,0.9733898225186791,0.970114676061877,0.9703640937805176,0.9733898225186791,0.974025974025974,0.9703640937805176,0.9733898225186791,0.974025974025974,"[[535, 0, 0, 16], [0, 70, 0, 0], [3, 1, 166, 5], [6, 3, 1, 375]]",1.0,0.970114676061877,0.9485714285714286,0.9709618874773139,"{'Mn': 0.9709618874773139, 'Cu': 1.0, 'Zn': 0.9485714285714286, 'Class VIII': 0.974025974025974}","{'Mn': 551, 'Cu': 70, 'Zn': 175, 'Class VIII': 385}",0.9485714285714286,"[[535, 0, 0, 16], [0, 70, 0, 0], [3, 1, 166, 5], [6, 3, 1, 375]]",,0.970114676061877,0.9485714285714286,0.9709618874773139,"{'Mn': 0.9709618874773139, 'Cu': 1.0, 'Zn': 0.9485714285714286, 'Class VIII': 0.974025974025974}","{'Mn': 551, 'Cu': 70, 'Zn': 175, 'Class VIII': 385}",,0.6464051761168385,0.6435531703270062,0.6394230723381042,0.6464051761168385,0.578125,0.6394230723381042,0.6464051761168385,0.578125,"[[66, 0, 20, 11], [0, 11, 4, 0], [3, 1, 19, 9], [19, 1, 7, 37]]",0.7333333333333333,0.6435531703270062,0.578125,0.6804123711340206,"{'Mn': 0.6804123711340206, 'Cu': 0.7333333333333333, 'Zn': 0.59375, 'Class VIII': 0.578125}","{'Mn': 97, 'Cu': 15, 'Zn': 32, 'Class VIII': 64}",0.59375,"[[66, 0, 20, 11], [0, 11, 4, 0], [3, 1, 19, 9], [19, 1, 7, 37]]",,0.6435531703270062,0.578125,0.6804123711340206,"{'Mn': 0.6804123711340206, 'Cu': 0.7333333333333333, 'Zn': 0.59375, 'Class VIII': 0.578125}","{'Mn': 97, 'Cu': 15, 'Zn': 32, 'Class VIII': 64}"
46,0.0001,0.11929532787237533,2.710291653560489,1.0,fixed,1.0,,0.9753329247884601,0.9771434361232576,0.9779847860336304,0.9753329247884601,0.9766233766233766,0.9779847860336304,0.9753329247884601,0.9766233766233766,"[[541, 0, 1, 9], [0, 68, 1, 1], [4, 0, 170, 1], [6, 1, 2, 376]]",0.9714285714285714,0.9771434361232576,0.9714285714285714,0.9818511796733213,"{'Mn': 0.9818511796733213, 'Cu': 0.9714285714285714, 'Zn': 0.9714285714285714, 'Class VIII': 0.9766233766233766}","{'Mn': 551, 'Cu': 70, 'Zn': 175, 'Class VIII': 385}",0.9714285714285714,"[[541, 0, 1, 9], [0, 68, 1, 1], [4, 0, 170, 1], [6, 1, 2, 376]]",,0.9771434361232576,0.9714285714285714,0.9818511796733213,"{'Mn': 0.9818511796733213, 'Cu': 0.9714285714285714, 'Zn': 0.9714285714285714, 'Class VIII': 0.9766233766233766}","{'Mn': 551, 'Cu': 70, 'Zn': 175, 'Class VIII': 385}",,0.6646074957044673,0.6705186726929451,0.6538461446762085,0.6646074957044673,0.578125,0.6538461446762085,0.6646074957044673,0.578125,"[[67, 0, 21, 9], [0, 11, 4, 0], [3, 0, 21, 8], [19, 0, 8, 37]]",0.7333333333333333,0.6705186726929451,0.578125,0.6907216494845361,"{'Mn': 0.6907216494845361, 'Cu': 0.7333333333333333, 'Zn': 0.65625, 'Class VIII': 0.578125}","{'Mn': 97, 'Cu': 15, 'Zn': 32, 'Class VIII': 64}",0.65625,"[[67, 0, 21, 9], [0, 11, 4, 0], [3, 0, 21, 8], [19, 0, 8, 37]]",,0.6705186726929451,0.578125,0.6907216494845361,"{'Mn': 0.6907216494845361, 'Cu': 0.7333333333333333, 'Zn': 0.65625, 'Class VIII': 0.578125}","{'Mn': 97, 'Cu': 15, 'Zn': 32, 'Class VIII': 64}"
47,0.0001,0.11146049160550171,2.920134943111127,1.0,fixed,1.0,,0.9725382421571169,0.9764270848944093,0.9771380424499512,0.9725382421571169,0.9714285714285714,0.9771380424499512,0.9725382421571169,0.9714285714285714,"[[544, 0, 0, 7], [0, 68, 1, 1], [4, 0, 168, 3], [9, 1, 1, 374]]",0.9714285714285714,0.9764270848944093,0.96,0.9872958257713249,"{'Mn': 0.9872958257713249, 'Cu': 0.9714285714285714, 'Zn': 0.96, 'Class VIII': 0.9714285714285714}","{'Mn': 551, 'Cu': 70, 'Zn': 175, 'Class VIII': 385}",0.96,"[[544, 0, 0, 7], [0, 68, 1, 1], [4, 0, 168, 3], [9, 1, 1, 374]]",,0.9764270848944093,0.96,0.9872958257713249,"{'Mn': 0.9872958257713249, 'Cu': 0.9714285714285714, 'Zn': 0.96, 'Class VIII': 0.9714285714285714}","{'Mn': 551, 'Cu': 70, 'Zn': 175, 'Class VIII': 385}",,0.6528887457044673,0.6639169427700824,0.6490384340286255,0.6528887457044673,0.59375,0.6490384340286255,0.6528887457044673,0.59375,"[[67, 0, 20, 10], [0, 11, 4, 0], [5, 0, 19, 8], [19, 0, 7, 38]]",0.7333333333333333,0.6639169427700824,0.59375,0.6907216494845361,"{'Mn': 0.6907216494845361, 'Cu': 0.7333333333333333, 'Zn': 0.59375, 'Class VIII': 0.59375}","{'Mn': 97, 'Cu': 15, 'Zn': 32, 'Class VIII': 64}",0.59375,"[[67, 0, 20, 10], [0, 11, 4, 0], [5, 0, 19, 8], [19, 0, 7, 38]]",,0.6639169427700824,0.59375,0.6907216494845361,"{'Mn': 0.6907216494845361, 'Cu': 0.7333333333333333, 'Zn': 0.59375, 'Class VIII': 0.59375}","{'Mn': 97, 'Cu': 15, 'Zn': 32, 'Class VIII': 64}"
48,0.0001,0.13051574746972422,2.6335649035644075,1.0,fixed,1.0,,0.9742923138567422,0.9764750711493816,0.9771380424499512,0.9742923138567422,0.9688311688311688,0.9771380424499512,0.9742923138567422,0.9688311688311688,"[[543, 0, 0, 8], [0, 68, 1, 1], [4, 0, 170, 1], [8, 1, 3, 373]]",0.9714285714285714,0.9764750711493816,0.9688311688311688,0.985480943738657,"{'Mn': 0.985480943738657, 'Cu': 0.9714285714285714, 'Zn': 0.9714285714285714, 'Class VIII': 0.9688311688311688}","{'Mn': 551, 'Cu': 70, 'Zn': 175, 'Class VIII': 385}",0.9714285714285714,"[[543, 0, 0, 8], [0, 68, 1, 1], [4, 0, 170, 1], [8, 1, 3, 373]]",,0.9764750711493816,0.9688311688311688,0.985480943738657,"{'Mn': 0.985480943738657, 'Cu': 0.9714285714285714, 'Zn': 0.9714285714285714, 'Class VIII': 0.9688311688311688}","{'Mn': 551, 'Cu': 70, 'Zn': 175, 'Class VIII': 385}",,0.6543438573883161,0.6689112978241964,0.6634615659713745,0.6543438573883161,0.5625,0.6634615659713745,0.6543438573883161,0.5625,"[[71, 0, 23, 3], [0, 10, 4, 1], [9, 0, 21, 2], [19, 0, 9, 36]]",0.6666666666666666,0.6689112978241964,0.5625,0.7319587628865979,"{'Mn': 0.7319587628865979, 'Cu': 0.6666666666666666, 'Zn': 0.65625, 'Class VIII': 0.5625}","{'Mn': 97, 'Cu': 15, 'Zn': 32, 'Class VIII': 64}",0.65625,"[[71, 0, 23, 3], [0, 10, 4, 1], [9, 0, 21, 2], [19, 0, 9, 36]]",,0.6689112978241964,0.5625,0.7319587628865979,"{'Mn': 0.7319587628865979, 'Cu': 0.6666666666666666, 'Zn': 0.65625, 'Class VIII': 0.5625}","{'Mn': 97, 'Cu': 15, 'Zn': 32, 'Class VIII': 64}"
49,0.0001,0.10983365382720894,2.8939840770665515,1.0,fixed,1.0,,0.9716299761944045,0.9785667858468405,0.9805249571800232,0.9716299761944045,0.9896103896103896,0.9805249571800232,0.9716299761944045,0.9896103896103896,"[[543, 0, 0, 8], [0, 67, 1, 2], [4, 0, 167, 4], [4, 0, 0, 381]]",0.9571428571428572,0.9785667858468405,0.9542857142857143,0.985480943738657,"{'Mn': 0.985480943738657, 'Cu': 0.9571428571428572, 'Zn': 0.9542857142857143, 'Class VIII': 0.9896103896103896}","{'Mn': 551, 'Cu': 70, 'Zn': 175, 'Class VIII': 385}",0.9542857142857143,"[[543, 0, 0, 8], [0, 67, 1, 2], [4, 0, 167, 4], [4, 0, 0, 381]]",,0.9785667858468405,0.9542857142857143,0.985480943738657,"{'Mn': 0.985480943738657, 'Cu': 0.9571428571428572, 'Zn': 0.9542857142857143, 'Class VIII': 0.9896103896103896}","{'Mn': 551, 'Cu': 70, 'Zn': 175, 'Class VIII': 385}",,0.6323158290378007,0.6503958722727828,0.6490384340286255,0.6323158290378007,0.640625,0.6490384340286255,0.6323158290378007,0.640625,"[[67, 0, 16, 14], [0, 10, 4, 1], [4, 0, 17, 11], [16, 0, 7, 41]]",0.6666666666666666,0.6503958722727828,0.53125,0.6907216494845361,"{'Mn': 0.6907216494845361, 'Cu': 0.6666666666666666, 'Zn': 0.53125, 'Class VIII': 0.640625}","{'Mn': 97, 'Cu': 15, 'Zn': 32, 'Class VIII': 64}",0.53125,"[[67, 0, 16, 14], [0, 10, 4, 1], [4, 0, 17, 11], [16, 0, 7, 41]]",,0.6503958722727828,0.53125,0.6907216494845361,"{'Mn': 0.6907216494845361, 'Cu': 0.6666666666666666, 'Zn': 0.53125, 'Class VIII': 0.640625}","{'Mn': 97, 'Cu': 15, 'Zn': 32, 'Class VIII': 64}"
50,0.0001,0.10715420916153562,2.5839271803105683,1.0,fixed,1.0,,0.9755943149409574,0.9781726746884127,0.9788314700126648,0.9755943149409574,0.987012987012987,0.9788314700126648,0.9755943149409574,0.987012987012987,"[[539, 0, 0, 12], [0, 68, 1, 1], [5, 0, 169, 1], [3, 1, 1, 380]]",0.9714285714285714,0.9781726746884127,0.9657142857142857,0.9782214156079855,"{'Mn': 0.9782214156079855, 'Cu': 0.9714285714285714, 'Zn': 0.9657142857142857, 'Class VIII': 0.987012987012987}","{'Mn': 551, 'Cu': 70, 'Zn': 175, 'Class VIII': 385}",0.9657142857142857,"[[539, 0, 0, 12], [0, 68, 1, 1], [5, 0, 169, 1], [3, 1, 1, 380]]",,0.9781726746884127,0.9657142857142857,0.9782214156079855,"{'Mn': 0.9782214156079855, 'Cu': 0.9714285714285714, 'Zn': 0.9657142857142857, 'Class VIII': 0.987012987012987}","{'Mn': 551, 'Cu': 70, 'Zn': 175, 'Class VIII': 385}",,0.6658558848797251,0.6798051973973094,0.6730769276618958,0.6658558848797251,0.65625,0.6730769276618958,0.6658558848797251,0.65625,"[[69, 0, 21, 7], [0, 11, 4, 0], [7, 0, 18, 7], [15, 0, 7, 42]]",0.7333333333333333,0.6798051973973094,0.5625,0.711340206185567,"{'Mn': 0.711340206185567, 'Cu': 0.7333333333333333, 'Zn': 0.5625, 'Class VIII': 0.65625}","{'Mn': 97, 'Cu': 15, 'Zn': 32, 'Class VIII': 64}",0.5625,"[[69, 0, 21, 7], [0, 11, 4, 0], [7, 0, 18, 7], [15, 0, 7, 42]]",,0.6798051973973094,0.5625,0.711340206185567,"{'Mn': 0.711340206185567, 'Cu': 0.7333333333333333, 'Zn': 0.5625, 'Class VIII': 0.65625}","{'Mn': 97, 'Cu': 15, 'Zn': 32, 'Class VIII': 64}"
