attempt_id,run_id,block,status,started_epoch,ended_epoch,elapsed_seconds,setup_seconds,epoch_seconds,gpu_peak_used_mib,retry_of,returncode,run_dir,log,error
attempt_001,ring_readiness,P,completed,1789482468.4109778,1789482886.9321363,418.52115845680237,,,711.0,,0,/content/metal_ring_pilot_v1/ring_preflight,/content/metal_ring_pilot_v1/logs/attempt_001.log,
attempt_002,S_GVP_ring0_lr3e-05_s42,S,completed,1789482945.2000802,1789483043.3282557,98.12817549705505,92.12198233604431,6.006193161010742,3.0,,0,/content/metal_ring_pilot_v1/runs/S_GVP_ring0_lr3e-05_s42,/content/metal_ring_pilot_v1/logs/attempt_002.log,
attempt_003,S_GVP_ring1_lr3e-05_s42,S,completed,1789483111.8909907,1789483214.030542,102.13955116271973,97.15294623374939,4.986604928970337,811.0,,0,/content/metal_ring_pilot_v1/runs/S_GVP_ring1_lr3e-05_s42,/content/metal_ring_pilot_v1/logs/attempt_003.log,
attempt_004,S_LATE_ring0_lr3e-05_s42,S,completed,1789483287.711498,1789483399.8643875,112.15288949012756,106.55330204963684,5.599587440490723,813.0,,0,/content/metal_ring_pilot_v1/runs/S_LATE_ring0_lr3e-05_s42,/content/metal_ring_pilot_v1/logs/attempt_004.log,
attempt_005,S_LATE_ring1_lr3e-05_s42,S,completed,1789483461.7746403,1789483579.928236,118.15359568595886,111.5480272769928,6.6055684089660645,3.0,,0,/content/metal_ring_pilot_v1/runs/S_LATE_ring1_lr3e-05_s42,/content/metal_ring_pilot_v1/logs/attempt_005.log,
attempt_006,GVP_GVP_ring0_lr3e-05_s42,GVP,completed,1789483625.428882,1789483895.7714727,270.3425908088684,91.81167840957642,3.57061824798584,821.0,,0,/content/metal_ring_pilot_v1/runs/GVP_GVP_ring0_lr3e-05_s42,/content/metal_ring_pilot_v1/logs/attempt_006.log,
attempt_007,GVP_GVP_ring1_lr3e-05_s42,GVP,completed,1789483945.4629302,1789484219.8138883,274.350958108902,96.949387550354,3.5480314111709594,821.0,,0,/content/metal_ring_pilot_v1/runs/GVP_GVP_ring1_lr3e-05_s42,/content/metal_ring_pilot_v1/logs/attempt_007.log,
attempt_008,GVP_GVP_ring0_lr3e-05_s43,GVP,completed,1789484260.6892385,1789484533.042882,272.3536434173584,92.25884556770325,3.601895956993103,821.0,,0,/content/metal_ring_pilot_v1/runs/GVP_GVP_ring0_lr3e-05_s43,/content/metal_ring_pilot_v1/logs/attempt_008.log,
attempt_009,GVP_GVP_ring1_lr3e-05_s43,GVP,completed,1789484577.2380443,1789484855.5904753,278.35243105888367,96.18380045890808,3.643372611999512,821.0,,0,/content/metal_ring_pilot_v1/runs/GVP_GVP_ring1_lr3e-05_s43,/content/metal_ring_pilot_v1/logs/attempt_009.log,
attempt_010,GVP_GVP_ring0_lr0.0001_s42,GVP,completed,1789484892.3625836,1789485162.704109,270.3415253162384,92.37602829933167,3.5593099403381347,821.0,,0,/content/metal_ring_pilot_v1/runs/GVP_GVP_ring0_lr0.0001_s42,/content/metal_ring_pilot_v1/logs/attempt_010.log,
attempt_011,GVP_GVP_ring1_lr0.0001_s42,GVP,completed,1789485211.9323065,1789485492.2853785,280.3530719280243,98.13606190681458,3.6443402004241943,821.0,,0,/content/metal_ring_pilot_v1/runs/GVP_GVP_ring1_lr0.0001_s42,/content/metal_ring_pilot_v1/logs/attempt_011.log,
attempt_012,GVP_GVP_ring0_lr0.0001_s43,GVP,completed,1789485549.1421378,1789485821.497458,272.3553202152252,92.78998160362244,3.5913067722320555,821.0,,0,/content/metal_ring_pilot_v1/runs/GVP_GVP_ring0_lr0.0001_s43,/content/metal_ring_pilot_v1/logs/attempt_012.log,
attempt_013,GVP_GVP_ring1_lr0.0001_s43,GVP,completed,1789485916.5818152,1789486194.9368908,278.35507559776306,97.56402325630188,3.6158210468292236,821.0,,0,/content/metal_ring_pilot_v1/runs/GVP_GVP_ring1_lr0.0001_s43,/content/metal_ring_pilot_v1/logs/attempt_013.log,
attempt_014,LATE_LATE_ring0_lr3e-05_s42,LATE,completed,1789486221.4294379,1789486527.8185632,306.38912534713745,107.57916045188904,3.976199297904968,823.0,,0,/content/metal_ring_pilot_v1/runs/LATE_LATE_ring0_lr3e-05_s42,/content/metal_ring_pilot_v1/logs/attempt_014.log,
attempt_015,LATE_LATE_ring1_lr3e-05_s42,LATE,completed,1789486608.1751468,1789486920.5787501,312.4036033153534,111.27115821838379,4.022648901939392,825.0,,0,/content/metal_ring_pilot_v1/runs/LATE_LATE_ring1_lr3e-05_s42,/content/metal_ring_pilot_v1/logs/attempt_015.log,
attempt_016,LATE_LATE_ring0_lr3e-05_s43,LATE,completed,1789486959.977328,1789487268.3690815,308.3917534351349,108.76771521568298,3.992480764389038,823.0,,0,/content/metal_ring_pilot_v1/runs/LATE_LATE_ring0_lr3e-05_s43,/content/metal_ring_pilot_v1/logs/attempt_016.log,
attempt_017,LATE_LATE_ring1_lr3e-05_s43,LATE,completed,1789487333.5565374,1789487647.9564521,314.3999147415161,112.3012228012085,4.041973838806152,823.0,,0,/content/metal_ring_pilot_v1/runs/LATE_LATE_ring1_lr3e-05_s43,/content/metal_ring_pilot_v1/logs/attempt_017.log,
attempt_018,LATE_LATE_ring0_lr0.0001_s42,LATE,completed,1789487674.877556,1789487983.2687771,308.39122104644775,107.2359516620636,4.023105387687683,823.0,,0,/content/metal_ring_pilot_v1/runs/LATE_LATE_ring0_lr0.0001_s42,/content/metal_ring_pilot_v1/logs/attempt_018.log,
attempt_019,LATE_LATE_ring1_lr0.0001_s42,LATE,completed,1789488018.8377774,1789488331.2419522,312.4041748046875,112.48246836662292,3.9984341287612915,825.0,,0,/content/metal_ring_pilot_v1/runs/LATE_LATE_ring1_lr0.0001_s42,/content/metal_ring_pilot_v1/logs/attempt_019.log,
attempt_020,LATE_LATE_ring0_lr0.0001_s43,LATE,completed,1789488383.1805804,1789488689.5725458,306.3919653892517,107.18739652633667,3.984091377258301,823.0,,0,/content/metal_ring_pilot_v1/runs/LATE_LATE_ring0_lr0.0001_s43,/content/metal_ring_pilot_v1/logs/attempt_020.log,
attempt_021,LATE_LATE_ring1_lr0.0001_s43,LATE,completed,1789488753.7053316,1789489066.1098115,312.40447998046875,112.3493640422821,4.001102318763733,823.0,,0,/content/metal_ring_pilot_v1/runs/LATE_LATE_ring1_lr0.0001_s43,/content/metal_ring_pilot_v1/logs/attempt_021.log,
