attempt_id,run_id,block,status,started_epoch,ended_epoch,elapsed_seconds,setup_seconds,epoch_seconds,gpu_peak_used_mib,retry_of,returncode,run_dir,log,error
attempt_001,geometry_readiness,P,completed,1789459232.8639982,1789459330.9924817,98.12848353385925,,,3.0,,0,/content/metal_coordination_geometry_pilot_v1/geometry_preflight,/content/metal_coordination_geometry_pilot_v1/logs/attempt_001.log,
attempt_002,S_A_none_none_lr3e-05_s42,S,completed,1789459447.3350377,1789459545.4634786,98.1284408569336,91.90774393081665,6.220696926116943,3.0,,0,/content/metal_coordination_geometry_pilot_v1/runs/S_A_none_none_lr3e-05_s42,/content/metal_coordination_geometry_pilot_v1/logs/attempt_002.log,
attempt_003,S_B_counts_none_lr3e-05_s42,S,completed,1789459595.0456805,1789459693.173943,98.12826251983643,92.47588014602661,5.6523823738098145,3.0,,0,/content/metal_coordination_geometry_pilot_v1/runs/S_B_counts_none_lr3e-05_s42,/content/metal_coordination_geometry_pilot_v1/logs/attempt_003.log,
attempt_004,S_C_counts_angles_none_lr3e-05_s42,S,completed,1789459741.1818995,1789459839.3103633,98.12846374511719,92.18944382667542,5.9390199184417725,3.0,,0,/content/metal_coordination_geometry_pilot_v1/runs/S_C_counts_angles_none_lr3e-05_s42,/content/metal_coordination_geometry_pilot_v1/logs/attempt_004.log,
attempt_005,S_D_counts_per_metal_lr3e-05_s42,S,completed,1789459896.7279677,1789459998.8688083,102.14084053039551,94.97013998031616,7.170700550079346,805.0,,0,/content/metal_coordination_geometry_pilot_v1/runs/S_D_counts_per_metal_lr3e-05_s42,/content/metal_coordination_geometry_pilot_v1/logs/attempt_005.log,
attempt_006,S_E_counts_angles_per_metal_lr3e-05_s42,S,completed,1789460021.036022,1789460121.1642437,100.1282217502594,94.24390149116516,5.884320259094238,3.0,,0,/content/metal_coordination_geometry_pilot_v1/runs/S_E_counts_angles_per_metal_lr3e-05_s42,/content/metal_coordination_geometry_pilot_v1/logs/attempt_006.log,
attempt_007,G1_A_none_none_lr3e-05_s42,G1,completed,1789460160.9609013,1789460435.3129334,274.35203218460083,92.11581707000732,3.6447243022918703,821.0,,0,/content/metal_coordination_geometry_pilot_v1/runs/G1_A_none_none_lr3e-05_s42,/content/metal_coordination_geometry_pilot_v1/logs/attempt_007.log,
attempt_008,G1_B_counts_none_lr3e-05_s42,G1,completed,1789460472.926332,1789460747.279461,274.3531289100647,92.56092119216919,3.63584415435791,821.0,,0,/content/metal_coordination_geometry_pilot_v1/runs/G1_B_counts_none_lr3e-05_s42,/content/metal_coordination_geometry_pilot_v1/logs/attempt_008.log,
attempt_009,G1_C_counts_angles_none_lr3e-05_s42,G1,completed,1789460781.8711202,1789461056.2217996,274.350679397583,92.40167379379272,3.6389801120758056,821.0,,0,/content/metal_coordination_geometry_pilot_v1/runs/G1_C_counts_angles_none_lr3e-05_s42,/content/metal_coordination_geometry_pilot_v1/logs/attempt_009.log,
attempt_010,G1_D_counts_per_metal_lr3e-05_s42,G1,completed,1789461096.8209112,1789461385.184902,288.3639907836914,94.01741218566895,3.8869315719604494,821.0,,0,/content/metal_coordination_geometry_pilot_v1/runs/G1_D_counts_per_metal_lr3e-05_s42,/content/metal_coordination_geometry_pilot_v1/logs/attempt_010.log,
attempt_011,G1_E_counts_angles_per_metal_lr3e-05_s42,G1,completed,1789461427.7275193,1789461714.095545,286.3680257797241,93.66231274604797,3.854114260673523,821.0,,0,/content/metal_coordination_geometry_pilot_v1/runs/G1_E_counts_angles_per_metal_lr3e-05_s42,/content/metal_coordination_geometry_pilot_v1/logs/attempt_011.log,
attempt_012,G2_A_none_none_lr0.0001_s42,G2,completed,1789461792.568993,1789462062.9111958,270.34220266342163,92.69629764556885,3.5529181003570556,821.0,,0,/content/metal_coordination_geometry_pilot_v1/runs/G2_A_none_none_lr0.0001_s42,/content/metal_coordination_geometry_pilot_v1/logs/attempt_012.log,
attempt_013,G2_B_counts_none_lr0.0001_s42,G2,completed,1789462108.9125838,1789462385.262592,276.35000824928284,92.23123693466187,3.6823754262924195,821.0,,0,/content/metal_coordination_geometry_pilot_v1/runs/G2_B_counts_none_lr0.0001_s42,/content/metal_coordination_geometry_pilot_v1/logs/attempt_013.log,
attempt_014,G2_C_counts_angles_none_lr0.0001_s42,G2,completed,1789462443.9626784,1789462718.3147774,274.352098941803,92.3366436958313,3.6403091049194334,821.0,,0,/content/metal_coordination_geometry_pilot_v1/runs/G2_C_counts_angles_none_lr0.0001_s42,/content/metal_coordination_geometry_pilot_v1/logs/attempt_014.log,
attempt_015,G2_D_counts_per_metal_lr0.0001_s42,G2,completed,1789462777.2845397,1789463065.650339,288.3657991886139,94.47428250312805,3.8778303337097166,821.0,,0,/content/metal_coordination_geometry_pilot_v1/runs/G2_D_counts_per_metal_lr0.0001_s42,/content/metal_coordination_geometry_pilot_v1/logs/attempt_015.log,
attempt_016,G2_E_counts_angles_per_metal_lr0.0001_s42,G2,completed,1789463116.7912226,1789463401.151737,284.3605144023895,93.25209522247314,3.822168383598328,821.0,,0,/content/metal_coordination_geometry_pilot_v1/runs/G2_E_counts_angles_per_metal_lr0.0001_s42,/content/metal_coordination_geometry_pilot_v1/logs/attempt_016.log,
attempt_017,GR_A_none_none_lr0.0001_s43,GR,completed,1789463427.1274862,1789463699.479229,272.3517427444458,92.4793701171875,3.597447452545166,841.0,,0,/content/metal_coordination_geometry_pilot_v1/runs/GR_A_none_none_lr0.0001_s43,/content/metal_coordination_geometry_pilot_v1/logs/attempt_017.log,
attempt_018,GR_B_counts_none_lr0.0001_s43,GR,completed,1789463757.1254075,1789464031.4780705,274.35266304016113,92.07895827293396,3.6454740953445435,841.0,,0,/content/metal_coordination_geometry_pilot_v1/runs/GR_B_counts_none_lr0.0001_s43,/content/metal_coordination_geometry_pilot_v1/logs/attempt_018.log,
attempt_019,GR_C_counts_angles_none_lr0.0001_s43,GR,completed,1789464070.606562,1789464344.9597597,274.35319781303406,92.53533673286438,3.6363572216033937,841.0,,0,/content/metal_coordination_geometry_pilot_v1/runs/GR_C_counts_angles_none_lr0.0001_s43,/content/metal_coordination_geometry_pilot_v1/logs/attempt_019.log,
attempt_020,GR_D_counts_per_metal_lr0.0001_s43,GR,completed,1789464396.989203,1789464683.3551764,286.3659734725952,94.27820754051208,3.8417553186416624,821.0,,0,/content/metal_coordination_geometry_pilot_v1/runs/GR_D_counts_per_metal_lr0.0001_s43,/content/metal_coordination_geometry_pilot_v1/logs/attempt_020.log,
attempt_021,GR_E_counts_angles_per_metal_lr0.0001_s43,GR,completed,1789464727.715668,1789465014.0810645,286.3653964996338,94.45125031471252,3.8382829236984253,821.0,,0,/content/metal_coordination_geometry_pilot_v1/runs/GR_E_counts_angles_per_metal_lr0.0001_s43,/content/metal_coordination_geometry_pilot_v1/logs/attempt_021.log,
